emp_no,first_name,last_name,birth_date,from_date,to_date
10095,Hilari,Morton,1/3/1965,3/10/1994,1/1/9999
10122,Ohad,Esposito,1/19/1965,8/6/1998,1/1/9999
10291,Dipayan,Seghrouchni,1/23/1965,3/30/1987,1/1/9999
10476,Kokou,Iisaka,1/1/1965,9/20/1987,1/1/9999
10663,Teunis,Noriega,1/9/1965,2/12/1999,1/1/9999
10762,Lech,Himler,1/19/1965,1/21/1992,1/1/9999
10933,Juyoung,Seghrouchni,1/24/1965,8/2/1993,1/1/9999
12155,Keiichiro,Glinert,1/21/1965,9/16/1993,1/1/9999
12408,Rasiah,Sudkamp,1/10/1965,4/18/1995,1/1/9999
12643,Morrie,Schurmann,1/30/1965,12/31/1998,1/1/9999
13499,Kazuhiko,Sidou,1/16/1965,9/1/1991,1/1/9999
14075,Denny,Tchuente,1/3/1965,5/30/1991,1/1/9999
14104,Sudhanshu,Demian,1/3/1965,7/23/1994,1/1/9999
14127,Magdalena,Cannard,1/10/1965,4/22/1994,1/1/9999
14158,Caolyn,Setiz,1/22/1965,2/6/1990,1/1/9999
14476,Sastry,Marrevee,1/19/1965,9/25/1999,1/1/9999
14907,Nakhoon,Luga,1/14/1965,12/18/1986,1/1/9999
15050,Nikolaos,Kruskal,1/18/1965,12/17/1990,1/1/9999
15058,Bouchung,Bugrara,1/30/1965,6/18/1990,1/1/9999
15413,Arvin,Rabejac,1/17/1965,1/1/1994,1/1/9999
16461,Remmert,Schahn,1/14/1965,9/6/1986,1/1/9999
16528,Gaurav,Swick,1/21/1965,5/7/1996,1/1/9999
17013,Morris,Garigliano,1/15/1965,5/24/1995,1/1/9999
17206,Berry,DeMori,1/2/1965,12/27/1992,1/1/9999
17369,Yaghout,Kenevan,1/31/1965,9/15/2000,1/1/9999
17447,Zengping,Boreale,1/11/1965,12/16/1998,1/1/9999
17731,Gennady,Roison,1/16/1965,12/6/1989,1/1/9999
17970,Filipp,Carrere,1/6/1965,1/9/1989,1/1/9999
17988,Mabhin,Calkin,1/31/1965,11/30/1989,1/1/9999
18021,Adil,Matzke,1/7/1965,5/8/1987,1/1/9999
18424,Filipp,Rousseau,1/19/1965,6/7/1995,1/1/9999
18583,Stafford,Honglei,1/3/1965,8/16/1998,1/1/9999
18617,Surveyors,Crouzet,1/21/1965,4/24/1989,1/1/9999
18810,Taiji,Jarecki,1/9/1965,6/27/1991,1/1/9999
19236,Elzbieta,Morris,1/24/1965,7/12/1988,1/1/9999
19350,Satoru,Yoshizawa,1/19/1965,3/27/1994,1/1/9999
19803,Ziva,Kowalchuk,1/30/1965,6/13/1987,1/1/9999
20100,Utz,Heuter,1/18/1965,6/15/1986,1/1/9999
20128,Kazunori,Peak,1/23/1965,8/13/1999,1/1/9999
20129,Rafael,Skafidas,1/10/1965,3/28/1991,1/1/9999
20248,Vidar,Demri,1/12/1965,12/31/1999,1/1/9999
20313,Candida,Benveniste,1/24/1965,1/20/1999,1/1/9999
20500,Christoph,Trystram,1/30/1965,10/15/1993,1/1/9999
20885,Otmar,Rothenberg,1/21/1965,3/14/1989,1/1/9999
21181,Jianhui,Cangellaris,1/21/1965,10/6/1991,1/1/9999
21188,Piyush,Danecki,1/21/1965,1/8/2000,1/1/9999
21546,Yongmin,Lanteri,1/1/1965,3/19/2002,1/1/9999
21843,Karsten,Azadmanesh,1/9/1965,11/29/1985,1/1/9999
21909,Mohammed,Brizzi,1/4/1965,12/28/1991,1/1/9999
22185,Huai,Birch,1/29/1965,6/12/2002,1/1/9999
22415,Perla,Jumpertz,1/20/1965,8/24/1994,1/1/9999
22451,Jasminko,Bresenham,1/27/1965,1/19/1994,1/1/9999
22455,Barry,Unno,1/6/1965,11/16/1990,1/1/9999
22926,Manibrata,Genther,1/1/1965,1/15/1988,1/1/9999
23396,Hilari,Fairtlough,1/2/1965,12/15/1986,1/1/9999
24080,Jaana,Perez,1/26/1965,3/11/1996,1/1/9999
24205,Roddy,Rubsam,1/25/1965,9/19/1993,1/1/9999
24377,Lubomir,Wroclawski,1/25/1965,7/25/1993,1/1/9999
24394,Zhonghui,Conta,1/4/1965,9/10/1994,1/1/9999
24553,Anwar,Passafiume,1/12/1965,1/30/1987,1/1/9999
24571,Cordelia,Gischer,1/20/1965,3/14/1989,1/1/9999
25488,Ingmar,Basawa,1/19/1965,11/9/1991,1/1/9999
26629,Nevin,Rodham,1/28/1965,12/14/1998,1/1/9999
26671,Jiakeng,Kalorkoti,1/21/1965,12/25/1994,1/1/9999
26788,Zongyan,Dalphin,1/25/1965,4/23/1988,1/1/9999
27331,Wanqing,Krohm,1/19/1965,1/22/1991,1/1/9999
27378,Piyawadee,Leppanen,1/28/1965,2/25/1999,1/1/9999
27620,Shuji,Kandlur,1/25/1965,3/2/1990,1/1/9999
27686,Manu,Rosiles,1/28/1965,3/3/1998,1/1/9999
27699,Falguni,Pezzoli,1/15/1965,12/23/1996,1/1/9999
27767,Tooru,Veldwijk,1/27/1965,11/21/1993,1/1/9999
28193,Xinglin,Mitsuhashi,1/29/1965,12/14/1988,1/1/9999
28974,Chenxi,Sundgren,1/9/1965,9/2/1986,1/1/9999
28988,Tua,Giveon,1/18/1965,9/9/1998,1/1/9999
29130,Xumin,Thorensen,1/6/1965,4/26/1998,1/1/9999
29265,Gilbert,Calkin,1/14/1965,3/21/1988,1/1/9999
29380,Satoru,Vidal,1/30/1965,5/2/1998,1/1/9999
29418,Valery,Mersereau,1/22/1965,7/1/1998,1/1/9999
29679,Kolar,Steenbeek,1/17/1965,10/18/1986,1/1/9999
29782,Jouko,Hellwagner,1/29/1965,10/23/2000,1/1/9999
29954,Pranay,Giarratana,1/27/1965,9/29/1992,1/1/9999
30007,Kousuke,Vecchio,1/24/1965,2/23/1990,1/1/9999
30035,Tetsushi,Conta,1/8/1965,7/4/1995,1/1/9999
30154,Mayuko,Skafidas,1/26/1965,4/19/1999,1/1/9999
30182,Leon,Potthoff,1/26/1965,12/8/1985,1/1/9999
30465,Randi,Avouris,1/28/1965,7/16/1986,1/1/9999
30484,Sailaja,Chvatal,1/11/1965,5/18/1999,1/1/9999
30695,Gudjon,Majewski,1/8/1965,10/26/1999,1/1/9999
30938,Yakkov,Samarati,1/6/1965,10/10/1997,1/1/9999
31147,Divine,Sidhu,1/4/1965,7/5/1989,1/1/9999
31188,Leandro,Gist,1/12/1965,2/3/1993,1/1/9999
31207,Abdelwaheb,Dulin,1/30/1965,8/5/1993,1/1/9999
31341,Oksana,Zultner,1/1/1965,3/23/1991,1/1/9999
31514,Harngdar,Schapire,1/13/1965,11/9/1996,1/1/9999
31568,Mark,Lalonde,1/10/1965,11/24/1996,1/1/9999
31909,Murthy,Peek,1/10/1965,10/30/2000,1/1/9999
32347,Terresa,Peres,1/8/1965,9/15/1990,1/1/9999
32552,Atreye,Stanger,1/17/1965,9/10/1993,1/1/9999
32649,Ingmar,Nannarelli,1/12/1965,6/10/1988,1/1/9999
32714,Radoslaw,Maliniak,1/16/1965,9/18/2001,1/1/9999
32844,Tadahiko,Melton,1/23/1965,1/7/1995,1/1/9999
33025,Jessie,Thorelli,1/12/1965,12/16/1999,1/1/9999
33215,Steen,Fasbender,1/29/1965,2/14/1993,1/1/9999
33722,Anwar,Collette,1/15/1965,2/3/2001,1/1/9999
34077,Angel,Sichman,1/8/1965,11/16/1988,1/1/9999
34261,Kyoichi,Callaway,1/5/1965,12/30/1990,1/1/9999
34446,Chinhyun,Bauknecht,1/31/1965,12/19/1986,1/1/9999
34452,Naftaly,Foong,1/8/1965,5/10/1991,1/1/9999
34505,Felicidad,Kumaresan,1/28/1965,9/6/1994,1/1/9999
34533,Erzsebet,Shigei,1/10/1965,1/16/1995,1/1/9999
34780,Moni,Kohling,1/16/1965,9/18/2001,1/1/9999
34788,Ennio,Babu,1/27/1965,8/31/1994,1/1/9999
34936,Bokyung,Stamatiou,1/12/1965,2/12/1991,1/1/9999
35044,Jiang,Waschkowski,1/4/1965,5/27/1989,1/1/9999
35087,Leif,Ashish,1/17/1965,10/14/1994,1/1/9999
35441,Chandrasekaran,Peek,1/31/1965,9/17/1990,1/1/9999
35642,Ashish,Talmon,1/30/1965,2/28/1999,1/1/9999
35793,Oscar,Kusalik,1/1/1965,5/11/1991,1/1/9999
35798,Ulf,Oberman,1/29/1965,3/15/1997,1/1/9999
36521,Serif,Gladwell,1/21/1965,3/6/1987,1/1/9999
36626,Fen,Genin,1/2/1965,5/9/1986,1/1/9999
36733,Uma,Reinhard,1/4/1965,11/1/1997,1/1/9999
36844,Hailing,Levergood,1/1/1965,1/12/2000,1/1/9999
36982,Kotesh,Rajala,1/22/1965,6/23/1992,1/1/9999
37070,Jeong,Undy,1/22/1965,2/13/1985,1/1/9999
37945,Suzette,Butterworth,1/2/1965,2/19/1994,1/1/9999
38043,Michaela,Randi,1/5/1965,11/23/1985,1/1/9999
38103,Masasuke,Babu,1/12/1965,3/31/1988,1/1/9999
38168,Fumiko,Deverell,1/14/1965,8/15/1987,1/1/9999
38550,JoAnne,Baez,1/14/1965,2/16/1987,1/1/9999
38593,Huei,Orsini,1/14/1965,6/4/1986,1/1/9999
38947,Shuichi,Ruemmler,1/25/1965,4/8/1998,1/1/9999
39000,Martijn,Vendrig,1/8/1965,3/3/1997,1/1/9999
39036,Changho,Cappelli,1/8/1965,5/4/1996,1/1/9999
39301,Rimon,Kawashima,1/7/1965,2/6/1992,1/1/9999
39341,Mahmut,Lampe,1/1/1965,5/11/1985,1/1/9999
39952,Otmar,Sudbeck,1/2/1965,7/22/1998,1/1/9999
40269,Toshiki,Ghazalie,1/10/1965,12/5/1991,1/1/9999
40283,Sudhanshu,Boissier,1/7/1965,5/11/1985,1/1/9999
40301,Spyrose,Felder,1/20/1965,10/20/1997,1/1/9999
40536,Harngdar,Bernardinello,1/20/1965,2/29/1988,1/1/9999
40765,Michaela,Ramsak,1/1/1965,12/21/1992,1/1/9999
40773,Shimshon,Aingworth,1/9/1965,4/13/1986,1/1/9999
40983,Marla,Cherinka,1/17/1965,12/1/1986,1/1/9999
41114,Petter,Thummel,1/25/1965,12/24/1995,1/1/9999
41137,Bikash,Buchter,1/20/1965,1/8/1996,1/1/9999
41357,Willard,Vernadat,1/6/1965,3/4/1997,1/1/9999
41518,Keung,Schapiro,1/11/1965,2/8/2001,1/1/9999
41520,Xiong,Uhrik,1/20/1965,3/21/1988,1/1/9999
41609,Yucai,Simmen,1/4/1965,10/13/1987,1/1/9999
42778,Shuji,Remmers,1/19/1965,12/18/1987,1/1/9999
42911,Brigham,Eterovic,1/29/1965,10/8/1994,1/1/9999
42950,Shaleah,Eickenmeyer,1/22/1965,10/9/1993,1/1/9999
42955,Yucel,Lortz,1/12/1965,2/21/1995,1/1/9999
43154,Maha,Waterhouse,1/13/1965,7/4/1997,1/1/9999
43733,Huei,Boguraev,1/26/1965,12/31/1993,1/1/9999
43848,Phillip,Oxenboll,1/11/1965,5/26/1999,1/1/9999
44054,Alenka,Ritcey,1/18/1965,2/9/1997,1/1/9999
44265,Maria,Eppinger,1/24/1965,1/30/1997,1/1/9999
44540,Mingzeng,Sadowski,1/16/1965,11/12/1989,1/1/9999
44900,Mark,Schwaller,1/5/1965,8/10/1994,1/1/9999
44959,Volkmar,Uhrik,1/21/1965,1/16/1988,1/1/9999
44962,Sariel,Wynblatt,1/16/1965,5/18/1996,1/1/9999
45162,Dulce,Speel,1/11/1965,10/19/1987,1/1/9999
46000,Zhaofang,Penn,1/26/1965,7/24/1997,1/1/9999
46328,Wuxu,Trogemann,1/5/1965,1/27/1997,1/1/9999
46811,Junsik,Berendt,1/10/1965,4/27/1988,1/1/9999
46834,Tooru,Daescu,1/22/1965,3/20/1998,1/1/9999
46943,Pasqua,Maraist,1/31/1965,12/6/1993,1/1/9999
47016,Toong,Litecky,1/3/1965,3/1/1989,1/1/9999
47139,Marco,Usdin,1/25/1965,10/29/1996,1/1/9999
47262,Gonzalo,Binkley,1/10/1965,8/16/1985,1/1/9999
47515,Naraig,Jenevein,1/26/1965,1/18/1987,1/1/9999
47702,Juyoung,Vieri,1/21/1965,8/12/1991,1/1/9999
47708,Edwin,Haldar,1/5/1965,7/12/1995,1/1/9999
48275,Sariel,Massonet,1/29/1965,11/20/1987,1/1/9999
48690,Hitomi,Schaap,1/12/1965,9/27/1999,1/1/9999
48882,Leen,Lamparter,1/28/1965,6/7/1993,1/1/9999
48904,Yuichiro,Malabarba,1/23/1965,3/7/1994,1/1/9999
48947,Filipp,Akaboshi,1/5/1965,5/20/1992,1/1/9999
49010,Kazuhisa,Benantar,1/16/1965,3/30/1990,1/1/9999
49017,Filipp,Flanders,1/7/1965,11/26/1990,1/1/9999
49119,Lena,Peek,1/9/1965,5/16/1991,1/1/9999
49177,Tze,Bach,1/3/1965,3/9/1999,1/1/9999
49464,Siddarth,Cappelletti,1/14/1965,9/10/1999,1/1/9999
49477,Baocai,Leaver,1/14/1965,8/5/1998,1/1/9999
50293,Xinan,Rindone,1/26/1965,10/8/1996,1/1/9999
50311,Mooi,Stafford,1/24/1965,10/6/1996,1/1/9999
50453,Aron,Harbusch,1/12/1965,10/2/1997,1/1/9999
50670,Boguslaw,Snedden,1/30/1965,2/20/1985,1/1/9999
50831,Marie,Khalid,1/6/1965,6/11/1996,1/1/9999
51036,Chriss,Fasbender,1/29/1965,5/23/1995,1/1/9999
51057,Theirry,Albarhamtoshy,1/29/1965,9/27/1991,1/1/9999
51060,Youngkon,Rohrbach,1/15/1965,10/20/1989,1/1/9999
51142,Rosine,Lakshmanan,1/29/1965,1/31/1986,1/1/9999
52038,Chikako,Armand,1/13/1965,5/18/1985,1/1/9999
52040,Phule,Heijenga,1/14/1965,12/8/1996,1/1/9999
52283,Trygve,Krupka,1/20/1965,3/11/1994,1/1/9999
52386,Adas,Denti,1/28/1965,5/30/1986,1/1/9999
52590,Jouni,Munoz,1/21/1965,10/7/1996,1/1/9999
52599,Augustine,Mungall,1/25/1965,1/13/1994,1/1/9999
52639,Arup,Colorni,1/9/1965,2/5/1996,1/1/9999
52770,Shugo,Yurek,1/31/1965,8/28/1992,1/1/9999
52778,Alain,Penn,1/15/1965,5/3/1986,1/1/9999
52956,Khalil,Picci,1/31/1965,11/24/1998,1/1/9999
52970,Lobel,Werthner,1/22/1965,3/17/1988,1/1/9999
53278,Premsyl,Lortz,1/31/1965,2/1/1993,1/1/9999
53314,Eberhardt,Carrera,1/6/1965,2/23/1999,1/1/9999
53431,Sham,Vasanthakumar,1/12/1965,5/24/1993,1/1/9999
53499,Zdislav,Mandelberg,1/20/1965,9/11/1994,1/1/9999
53597,Jiafu,Marchegay,1/30/1965,3/2/1985,1/1/9999
53874,Bodo,Schade,1/23/1965,2/14/1986,1/1/9999
53924,Arnould,Gaughan,1/27/1965,1/23/1991,1/1/9999
54198,Shaowen,Segond,1/1/1965,1/6/1986,1/1/9999
54632,Etsuo,Serot,1/19/1965,6/14/1989,1/1/9999
54795,Sumant,Nergos,1/29/1965,3/2/1994,1/1/9999
54800,Breannda,Cangellaris,1/13/1965,1/27/2000,1/1/9999
55640,Adit,Syrotiuk,1/25/1965,7/16/1993,1/1/9999
55687,Shih,Lindqvist,1/2/1965,3/29/1995,1/1/9999
55799,Jianwen,Litzler,1/23/1965,6/17/1987,1/1/9999
55857,Adin,Scallan,1/18/1965,9/15/1987,1/1/9999
56105,Makato,Remmers,1/11/1965,4/16/1989,1/1/9999
56209,Remzi,Douceur,1/19/1965,12/1/1992,1/1/9999
56415,Sigeru,Nivat,1/30/1965,10/24/1991,1/1/9999
56428,Olivera,Hanabata,1/27/1965,11/10/1986,1/1/9999
56682,Roded,Picco,1/28/1965,11/6/1993,1/1/9999
56829,Nagui,Gruenwald,1/9/1965,6/14/1997,1/1/9999
56847,Menkae,Chinin,1/14/1965,8/27/1998,1/1/9999
57934,Sanjoy,Boudaillier,1/25/1965,12/27/1989,1/1/9999
58141,Bezalel,Karner,1/5/1965,9/27/1994,1/1/9999
58147,Shigenori,Sullins,1/9/1965,2/24/1988,1/1/9999
58384,Mariusz,Vural,1/22/1965,11/14/1993,1/1/9999
58454,Ziya,Zambonelli,1/25/1965,6/29/1999,1/1/9999
58497,Yechiam,Cairo,1/22/1965,10/21/2000,1/1/9999
58819,Gennady,Liesche,1/4/1965,12/2/1987,1/1/9999
58990,Palash,Trelles,1/4/1965,11/18/1998,1/1/9999
59195,Ronnie,Pollock,1/8/1965,6/19/1990,1/1/9999
59640,Zita,Hiltgen,1/18/1965,1/26/1999,1/1/9999
59869,Zsolt,Riefers,2/1/1965,9/25/1987,1/1/9999
59966,Steen,Salvesen,1/28/1965,2/3/1993,1/1/9999
60000,Heekeun,Emmart,1/16/1965,9/23/1995,1/1/9999
60091,Surveyors,Bade,2/1/1965,4/11/1990,1/1/9999
60238,Erzsebet,Claffy,1/23/1965,2/19/1999,1/1/9999
60559,Jeanna,Stemann,1/19/1965,8/29/1988,1/1/9999
60821,Moty,Mersereau,1/2/1965,9/3/1991,1/1/9999
60845,Bedir,Siegrist,1/14/1965,5/13/1997,1/1/9999
60875,Rildo,Masaki,1/21/1965,1/14/1990,1/1/9999
60959,Tetsushi,Sridhar,1/9/1965,10/19/1989,1/1/9999
61147,Leszek,Werthner,1/30/1965,3/3/1999,1/1/9999
61253,Cheong,Uhrik,1/9/1965,5/9/2002,1/1/9999
61377,Dannz,Ohori,1/1/1965,4/13/1997,1/1/9999
61541,Kasidit,Papsdorf,1/8/1965,8/17/1993,1/1/9999
61873,Woody,Rusmann,1/19/1965,2/26/1993,1/1/9999
62033,Heeju,Cappelli,1/24/1965,1/15/1987,1/1/9999
62046,Karlis,Nanard,1/31/1965,9/19/1992,1/1/9999
62245,Adel,Bressoud,1/1/1965,8/30/1995,1/1/9999
63294,Tetsushi,Tanemo,1/23/1965,3/1/1997,1/1/9999
63419,Hiroyasu,Seuren,1/14/1965,3/5/1989,1/1/9999
63441,Hinrich,Scallan,1/15/1965,4/4/1999,1/1/9999
63566,Heekeun,Slaats,1/31/1965,1/12/1999,1/1/9999
63631,Falguni,Cherinka,1/22/1965,10/15/1987,1/1/9999
63706,Sedat,Itzigehl,1/26/1965,7/31/1997,1/1/9999
64023,Laurentiu,Benzmuller,1/11/1965,11/8/1999,1/1/9999
64209,Golgen,Schoegge,1/24/1965,2/26/1988,1/1/9999
64487,Tsutomu,Rebaine,1/27/1965,9/17/1986,1/1/9999
64532,Atilio,Segond,1/23/1965,11/29/1990,1/1/9999
64632,Zsolt,Brender,1/7/1965,2/21/1996,1/1/9999
64790,Shin,Piveteau,1/29/1965,4/19/1985,1/1/9999
64828,Krister,Pappas,1/27/1965,9/30/1999,1/1/9999
64984,Eldridge,Eldridge,1/6/1965,8/4/1994,1/1/9999
65171,Jeane,Tasistro,1/25/1965,7/6/1994,1/1/9999
65539,Aksel,Picaronny,1/23/1965,1/27/1991,1/1/9999
65883,Patricia,Pepe,1/7/1965,4/19/1991,1/1/9999
65998,Mandell,Alameldin,1/9/1965,4/8/1989,1/1/9999
66382,Domenico,Candan,1/4/1965,7/13/1997,1/1/9999
66530,Dung,Leaver,1/29/1965,4/4/1998,1/1/9999
66643,Jianhao,Tomescu,1/18/1965,8/26/1996,1/1/9999
66702,Deniz,Thibadeau,2/1/1965,9/27/1994,1/1/9999
66757,Yonghong,Baig,1/16/1965,4/10/1999,1/1/9999
66807,Aiman,Rosaz,1/21/1965,5/22/1990,1/1/9999
67320,Sadok,Lorys,1/18/1965,5/10/1987,1/1/9999
67548,Fumitaka,Roohalamini,1/11/1965,6/27/1998,1/1/9999
67934,Aiman,Gargeya,1/7/1965,3/7/1985,1/1/9999
68416,Munenori,Debuse,1/27/1965,11/8/1990,1/1/9999
68608,Yucai,Seghrouchni,1/26/1965,6/9/1989,1/1/9999
68633,Chinhyun,Rassart,1/28/1965,7/29/1993,1/1/9999
68648,Jaques,DiGiano,1/25/1965,4/1/1992,1/1/9999
69052,Shietung,Shrader,1/26/1965,8/5/1995,1/1/9999
69219,Shuky,Redmiles,1/9/1965,11/19/1994,1/1/9999
69867,Miyeon,Rothe,1/22/1965,4/9/1991,1/1/9999
69878,Chinya,Cooke,1/24/1965,1/29/1997,1/1/9999
69936,Lalit,Unni,1/23/1965,1/31/1999,1/1/9999
70469,Tru,Miyakawa,1/12/1965,9/3/1990,1/1/9999
70990,Arumugam,Nitta,1/22/1965,3/23/1990,1/1/9999
71066,Domenick,Basart,1/27/1965,1/5/1996,1/1/9999
71141,Sajjad,Vitiello,1/2/1965,2/17/1992,1/1/9999
71188,Pranjal,Schapiro,1/2/1965,12/14/1986,1/1/9999
71243,Kinh,Buchter,1/10/1965,3/29/1986,1/1/9999
71334,Cathie,Peck,1/15/1965,3/4/2001,1/1/9999
71685,Kristinn,Olano,1/1/1965,10/3/1989,1/1/9999
71710,Hitomi,Takanami,1/31/1965,12/15/1997,1/1/9999
71745,Adil,Laventhal,1/2/1965,5/13/1992,1/1/9999
72190,Sajjad,Waeselynck,1/19/1965,9/13/1999,1/1/9999
72194,Feiyu,Siepmann,1/26/1965,10/1/1998,1/1/9999
72232,Naraig,Veldwijk,1/10/1965,7/10/1989,1/1/9999
72640,Honglan,Hutton,1/24/1965,10/4/1993,1/1/9999
72918,Takahira,Szilard,1/22/1965,1/16/1988,1/1/9999
73076,Froduald,Feldhoffer,1/22/1965,3/16/1993,1/1/9999
73233,Shigeo,Merey,1/15/1965,7/30/1985,1/1/9999
73516,Qingxiang,Badache,1/14/1965,6/25/1989,1/1/9999
73743,Anneke,Bernardeschi,1/15/1965,10/15/2000,1/1/9999
74200,Holgard,Weiland,1/16/1965,9/24/1991,1/1/9999
74344,Hiroyasu,Provine,2/1/1965,11/25/1994,1/1/9999
74668,Masako,Bonifati,1/1/1965,4/9/1987,1/1/9999
74800,Yuuichi,Conde,1/25/1965,3/8/1989,1/1/9999
75354,Shuky,Jakobus,1/11/1965,6/16/1986,1/1/9999
75703,Kyoichi,Erman,1/8/1965,7/25/1996,1/1/9999
76189,Kolar,Hinsberger,1/2/1965,10/20/1986,1/1/9999
76201,Arif,Preusig,1/10/1965,4/2/1992,1/1/9999
76640,Tristan,Mitsuhashi,1/2/1965,7/13/1994,1/1/9999
77030,Faiza,Garnham,1/2/1965,3/2/1986,1/1/9999
77303,Xinglin,Birge,1/18/1965,3/5/1992,1/1/9999
77647,Niranjan,Schaaf,1/7/1965,11/5/1989,1/1/9999
77815,Ronghao,Picaronny,1/21/1965,6/9/1993,1/1/9999
78106,Ashish,Ratnaker,1/9/1965,1/17/2000,1/1/9999
78363,Susumu,Fritzsche,1/3/1965,6/23/1998,1/1/9999
78469,Leucio,Cappelli,1/28/1965,8/22/1997,1/1/9999
78871,Conor,Ghandeharizadeh,1/15/1965,5/25/1985,1/1/9999
79043,Katsuo,Hockney,1/24/1965,11/7/1999,1/1/9999
79171,Guiseppe,Ellozy,1/19/1965,1/12/1991,1/1/9999
79310,Jeong,Cunliffe,1/24/1965,10/27/1996,1/1/9999
79606,Arnd,Peir,1/3/1965,12/11/1986,1/1/9999
79763,Sanjoy,Barreiro,1/20/1965,4/9/1988,1/1/9999
79895,Fei,Murtagh,1/30/1965,1/19/1986,1/1/9999
80067,Kazuhisa,Weiland,1/19/1965,11/9/1985,1/1/9999
80203,Shakhar,Baik,1/22/1965,12/1/1993,1/1/9999
80432,Stella,Figueira,1/17/1965,3/14/1990,1/1/9999
80731,Shaowen,Eldridge,1/25/1965,12/5/1987,1/1/9999
80850,Koldo,Luit,2/1/1965,4/16/1995,1/1/9999
80889,Shigeo,Linnainmaa,1/7/1965,7/30/1985,1/1/9999
80948,Harjit,Bardell,1/27/1965,5/24/1991,1/1/9999
81105,Jaewon,Boissier,1/14/1965,5/24/1992,1/1/9999
81545,Larisa,Kornyak,1/13/1965,2/7/2000,1/1/9999
81644,Divine,Ghandeharizadeh,1/5/1965,11/28/1997,1/1/9999
81995,Sreekrishna,Brender,1/10/1965,3/22/1990,1/1/9999
82069,Yechezkel,Perfilyeva,1/20/1965,11/3/1994,1/1/9999
82098,Poornachandra,Wilharm,1/25/1965,4/20/1991,1/1/9999
82351,Stevo,Thambidurai,1/26/1965,10/27/1989,1/1/9999
82511,Uwe,Koblick,1/27/1965,4/4/1998,1/1/9999
82919,Shigeu,Claffy,1/5/1965,12/19/1998,1/1/9999
82928,Alselm,Rikino,1/27/1965,11/16/1990,1/1/9999
83280,Francesca,Ellozy,1/7/1965,8/8/1999,1/1/9999
83289,Shigeichiro,Engelmann,1/9/1965,1/9/1994,1/1/9999
83509,Breannda,Collavizza,1/4/1965,10/12/1989,1/1/9999
83544,Leaf,Baak,1/18/1965,9/5/1994,1/1/9999
83714,Ohad,Kilgore,1/27/1965,10/10/2000,1/1/9999
83805,Manohar,Harllee,1/23/1965,3/11/1987,1/1/9999
83941,Zsolt,Hagimont,1/11/1965,10/8/1996,1/1/9999
84029,Babette,Eugenio,1/27/1965,9/21/1997,1/1/9999
84179,Shuichi,Nanard,1/25/1965,3/14/1989,1/1/9999
84236,Eberhardt,Barriga,1/18/1965,6/4/1987,1/1/9999
84315,Kristina,Baumann,1/23/1965,9/26/1996,1/1/9999
84451,Shiv,Aumann,1/20/1965,6/14/1998,1/1/9999
84508,Tommaso,Vidya,1/17/1965,5/2/1998,1/1/9999
84840,Sverrir,Neimat,1/14/1965,11/3/1996,1/1/9999
84922,Parke,Unno,1/22/1965,7/1/1996,1/1/9999
84942,Shin,Fujisaki,1/15/1965,2/23/1988,1/1/9999
85216,Ferdinand,Rosiles,1/18/1965,7/8/1997,1/1/9999
85288,Younwoo,Luders,1/6/1965,12/8/1998,1/1/9999
85414,Chiradeep,Callaway,1/14/1965,7/30/1999,1/1/9999
85445,Yongdong,Pollock,1/9/1965,3/17/1998,1/1/9999
85702,Udi,Merks,1/4/1965,8/15/1997,1/1/9999
85874,Pasqua,Taubman,1/30/1965,6/23/1986,1/1/9999
86213,Kristine,Clemencon,1/28/1965,6/1/1993,1/1/9999
86354,Ronghao,Segond,1/27/1965,9/13/1993,1/1/9999
86422,Jaewon,Thummel,2/1/1965,9/14/1985,1/1/9999
86546,Oldrich,Woycyznski,1/9/1965,5/15/1985,1/1/9999
86655,Zhenhua,Lorys,1/1/1965,8/21/1995,1/1/9999
86672,JoAnne,Anido,1/15/1965,9/15/1995,1/1/9999
87129,Keung,Neiman,1/16/1965,4/13/1997,1/1/9999
87353,Quingbo,Coombs,1/7/1965,1/17/1999,1/1/9999
87714,Khun,Janetzko,1/16/1965,9/13/1989,1/1/9999
87729,Yongmin,Roccetti,1/24/1965,12/10/1986,1/1/9999
87783,Conor,Thorensen,1/26/1965,2/24/1988,1/1/9999
88103,Goo,Bresenham,1/9/1965,1/31/1999,1/1/9999
88411,Lena,Cannane,1/31/1965,1/28/2000,1/1/9999
88422,Jungsoon,Birsak,1/28/1965,4/3/1985,1/1/9999
88647,Vasiliy,Ratnaker,1/10/1965,8/9/1995,1/1/9999
88958,Vojin,Coombs,1/22/1965,7/23/1995,1/1/9999
88965,Mang,Hedayat,1/20/1965,5/22/1995,1/1/9999
89048,Otmar,Birjandi,1/24/1965,3/23/1985,1/1/9999
89090,Tetsushi,Theuretzbacher,1/26/1965,2/1/1990,1/1/9999
89161,Conal,Yetto,1/7/1965,1/12/1991,1/1/9999
89207,Along,Erol,1/15/1965,10/16/1992,1/1/9999
89346,Mansur,Comyn,1/13/1965,8/31/1999,1/1/9999
89590,Guther,Rothenberg,1/27/1965,8/8/1991,1/1/9999
89664,Pranjal,Rossi,1/20/1965,7/7/1998,1/1/9999
89680,Aiman,Mawatari,1/27/1965,5/1/1988,1/1/9999
89806,Xiadong,Shinomoto,1/27/1965,5/24/1997,1/1/9999
89922,Alexius,Ibel,1/26/1965,4/24/1988,1/1/9999
89941,Arnould,Weedman,1/23/1965,7/28/1989,1/1/9999
90077,Vivian,Guerreiro,1/24/1965,7/8/1991,1/1/9999
90084,Renny,Bale,1/1/1965,11/22/1989,1/1/9999
90211,Bader,Denis,1/15/1965,10/6/1997,1/1/9999
90292,Koichi,Assaf,1/9/1965,5/26/1990,1/1/9999
90518,Fumiko,Chepyzhov,1/24/1965,1/28/1988,1/1/9999
90614,Yonghoan,Trogemann,1/29/1965,9/23/1988,1/1/9999
90692,Rajmohan,DasSarma,1/3/1965,9/14/1985,1/1/9999
91172,Kazuhisa,Melter,1/19/1965,7/16/1987,1/1/9999
91182,Lucien,Schwartzburd,1/4/1965,8/25/1988,1/1/9999
91229,Yahiko,Hebden,1/1/1965,10/3/1996,1/1/9999
91256,Gunilla,Milicic,1/13/1965,1/9/1998,1/1/9999
91333,Lobel,Stafford,1/27/1965,11/29/1998,1/1/9999
91415,Jamaludin,Nilsson,1/4/1965,1/15/1987,1/1/9999
91648,Dmitry,Msuda,1/29/1965,10/22/1988,1/1/9999
92438,Aria,Kilgore,1/4/1965,4/11/1992,1/1/9999
92454,Visit,McFarlan,1/24/1965,10/22/1987,1/1/9999
92577,Zhanqiu,Farrow,1/6/1965,1/10/1999,1/1/9999
92598,Ranga,Merro,1/18/1965,5/11/1996,1/1/9999
92685,Mang,Atchley,1/26/1965,6/7/1995,1/1/9999
92841,Claude,Candan,1/22/1965,8/4/1993,1/1/9999
92846,Anyuan,Kropatsch,1/11/1965,9/5/1986,1/1/9999
92920,Huei,Hutter,1/20/1965,1/28/1993,1/1/9999
93040,Jaques,Kabayashi,1/19/1965,3/13/1992,1/1/9999
93220,Richara,Walston,1/11/1965,8/27/1996,1/1/9999
93278,Magdalena,Penn,2/1/1965,1/4/1997,1/1/9999
93549,Arie,Coullard,2/1/1965,3/28/2000,1/1/9999
93600,Kristina,Neimat,1/13/1965,4/18/1988,1/1/9999
94331,Ramzi,Cronau,1/26/1965,9/3/1999,1/1/9999
94416,Aran,Cesareni,1/1/1965,11/20/2001,1/1/9999
94761,Hitofumi,Zaccaria,1/27/1965,11/22/1988,1/1/9999
94944,Heping,Matheson,1/13/1965,6/24/1988,1/1/9999
95181,Yishai,Cappelli,1/28/1965,1/30/1997,1/1/9999
95286,Kristin,Guerreiro,1/18/1965,8/23/1989,1/1/9999
95314,Rasiah,Koblick,1/22/1965,8/21/1991,1/1/9999
95406,Alair,Lyonns,1/8/1965,7/12/1997,1/1/9999
95416,Gianluca,Ramaiah,1/13/1965,11/29/1993,1/1/9999
95509,Kristinn,Loncour,1/11/1965,2/8/1995,1/1/9999
95920,Nobuyoshi,Hegner,1/19/1965,9/7/1994,1/1/9999
96571,Kokou,Garrabrants,1/13/1965,11/5/1997,1/1/9999
96579,Mohan,Tasistro,1/18/1965,2/10/1996,1/1/9999
96767,Arumugam,Vecchio,1/7/1965,8/14/1985,1/1/9999
97018,Jeanna,Chinen,1/9/1965,1/1/1989,1/1/9999
97623,Haldon,Janetzko,1/25/1965,9/11/1990,1/1/9999
97661,Avishai,Hegner,1/31/1965,5/8/1993,1/1/9999
98288,Sumali,Huttel,1/12/1965,9/12/1989,1/1/9999
98306,Ziya,Kadhim,1/16/1965,6/24/1999,1/1/9999
98639,Florina,Assaf,1/29/1965,5/18/1996,1/1/9999
99057,Shugo,Reeken,1/30/1965,6/21/1999,1/1/9999
99373,Xiaobin,Christianini,1/13/1965,12/25/1985,1/1/9999
99377,Carrsten,Francisci,1/18/1965,6/16/1991,1/1/9999
99590,Dhritiman,Anily,1/24/1965,12/16/1998,1/1/9999
99654,Mahendra,Motley,1/30/1965,9/28/1985,1/1/9999
100865,Hisao,Peral,1/19/1965,10/3/1990,1/1/9999
100916,Heejo,Aamodt,1/18/1965,4/22/1992,1/1/9999
101487,Abdelaziz,Sury,1/14/1965,1/31/1991,1/1/9999
101647,Mori,Homond,1/22/1965,5/10/1994,1/1/9999
101902,Mantis,Millington,1/14/1965,3/18/1991,1/1/9999
102620,Adin,Templeman,1/3/1965,8/12/1999,1/1/9999
103196,Djenana,Albarhamtoshy,1/16/1965,7/16/1988,1/1/9999
103310,Visit,Swen,1/7/1965,10/2/1995,1/1/9999
103316,Susanne,Peternell,1/3/1965,7/27/1994,1/1/9999
103342,Beshir,Hellwagner,1/3/1965,2/3/1998,1/1/9999
103756,Heping,Halloran,1/31/1965,4/8/1992,1/1/9999
104133,Pranjal,Zyda,1/31/1965,7/3/1991,1/1/9999
104845,Werner,Lodder,1/29/1965,6/17/1992,1/1/9999
104988,Parviz,Litzler,1/7/1965,8/8/1992,1/1/9999
105342,Kwun,Reeker,1/1/1965,7/29/1999,1/1/9999
105356,Diederik,Matzov,1/29/1965,3/8/1995,1/1/9999
105432,Mohamadou,Stafford,1/8/1965,9/12/1995,1/1/9999
105520,Haldun,Lienhardt,1/1/1965,1/29/1987,1/1/9999
105731,Sachem,Cromarty,1/15/1965,8/20/1990,1/1/9999
106096,Naftali,Schurmann,1/14/1965,12/2/1992,1/1/9999
106242,Nevio,Thisen,2/1/1965,3/25/1988,1/1/9999
106695,Lijie,Garrabrants,1/31/1965,10/26/1988,1/1/9999
106710,Babette,Anandan,1/31/1965,11/22/1986,1/1/9999
107486,Siamak,Luiz,1/23/1965,2/11/1987,1/1/9999
107737,Fabrizio,Chleq,1/23/1965,7/31/1999,1/1/9999
107792,Shahab,Crooks,1/13/1965,3/18/1992,1/1/9999
107828,Ramya,Walston,1/26/1965,2/3/1989,1/1/9999
108091,Hisao,Ghemri,1/9/1965,11/14/1985,1/1/9999
108198,Randi,Samarati,1/24/1965,10/20/1992,1/1/9999
108316,Shai,Stellhorn,1/2/1965,5/21/1992,1/1/9999
108988,Oksana,Baek,1/19/1965,7/20/1989,1/1/9999
109062,Jamaludin,Kandlur,2/1/1965,6/19/1992,1/1/9999
109211,Gor,Delgrande,1/11/1965,6/18/2002,1/1/9999
109252,Moty,Winter,1/15/1965,4/28/1991,1/1/9999
109278,Bangqing,Schach,1/21/1965,3/22/1988,1/1/9999
109552,Menkae,Etalle,1/31/1965,5/21/1997,1/1/9999
109598,Stamatina,Auyong,2/1/1965,7/5/1988,1/1/9999
109620,Mani,Cannata,1/2/1965,6/21/1989,1/1/9999
109703,Arco,Walston,1/17/1965,8/16/1999,1/1/9999
109741,Hatem,Fadgyas,1/11/1965,11/13/1991,1/1/9999
109953,Godehard,Chorvat,1/26/1965,4/10/1988,1/1/9999
200267,Chuanti,Luff,1/8/1965,9/21/1994,1/1/9999
200312,Akemi,Fujisaki,1/27/1965,11/13/2001,1/1/9999
200363,Kirk,Quaggetto,1/10/1965,6/30/1987,1/1/9999
200735,Dinah,Denos,1/9/1965,9/21/1992,1/1/9999
200789,Susumu,Camurati,1/14/1965,12/15/1991,1/1/9999
201229,Alejandra,Khasidashvili,1/3/1965,7/30/1994,1/1/9999
201708,Anneli,Perl,1/15/1965,9/8/1992,1/1/9999
201709,Fan,Kakkad,1/1/1965,2/25/1988,1/1/9999
201739,Genta,Terekhov,1/16/1965,7/21/1998,1/1/9999
201801,Waiman,Genin,1/12/1965,10/30/1988,1/1/9999
201915,Sudharsan,DeMori,1/2/1965,3/30/1992,1/1/9999
202291,Ortrun,Schmiedel,1/16/1965,7/18/1997,1/1/9999
202403,Gully,Perko,1/9/1965,7/7/1999,1/1/9999
202414,Zvonko,Murthy,1/13/1965,1/7/1992,1/1/9999
202552,Morris,Saoudi,1/5/1965,11/22/1991,1/1/9999
202826,Kerhong,Matzke,1/19/1965,11/14/1986,1/1/9999
202882,Isaac,Koshino,1/25/1965,9/28/1995,1/1/9999
202950,Giordano,Pietrzykowski,1/17/1965,3/26/1987,1/1/9999
203474,Hugh,Jonsson,1/3/1965,7/6/1991,1/1/9999
203495,Zongyan,Gips,1/2/1965,5/31/1997,1/1/9999
203599,Ewing,DiGiano,1/21/1965,2/1/2000,1/1/9999
203720,Sasan,Thimonier,1/30/1965,8/21/1996,1/1/9999
203946,Yefim,Marwedel,1/23/1965,3/30/1993,1/1/9999
204117,Jessie,Nooteboom,1/10/1965,12/13/2000,1/1/9999
204133,Susuma,Bergere,1/22/1965,2/25/1996,1/1/9999
204246,Arve,Worfolk,1/9/1965,4/1/1985,1/1/9999
204425,Gretta,Huttel,1/3/1965,10/8/1990,1/1/9999
204470,Hein,Lichtner,1/22/1965,5/2/1998,1/1/9999
204471,Franziska,Maginnis,1/27/1965,2/17/1986,1/1/9999
204764,Susanne,Mandelberg,1/22/1965,11/2/1990,1/1/9999
205018,Yahiko,Awdeh,1/26/1965,8/5/1998,1/1/9999
205085,Moni,Kornyak,1/23/1965,9/26/1991,1/1/9999
205174,Leszek,Spinelli,1/5/1965,12/10/1998,1/1/9999
205500,Mary,Setiz,1/4/1965,1/13/1989,1/1/9999
205627,Stabislas,Broder,1/21/1965,7/16/1996,1/1/9999
205660,Kien,Barreiro,1/27/1965,10/24/2000,1/1/9999
205699,Youjian,Yetto,1/31/1965,12/7/1994,1/1/9999
205789,Limsoon,Skafidas,1/31/1965,8/10/1999,1/1/9999
205863,Aiichiro,Kusalik,1/6/1965,10/4/1990,1/1/9999
206748,Yucai,Fabrizio,1/7/1965,10/6/1999,1/1/9999
206836,Guadalupe,Pfau,1/12/1965,3/22/1993,1/1/9999
206966,Tzu,Sichman,1/21/1965,11/17/1987,1/1/9999
207021,Jacqueline,Akaboshi,1/20/1965,12/6/1997,1/1/9999
207068,Zhiguo,Ariola,1/13/1965,9/7/1994,1/1/9999
207204,Kellie,Schrooten,1/25/1965,1/17/1991,1/1/9999
207401,Shuji,Barbanera,1/4/1965,8/10/1987,1/1/9999
207551,Baziley,Falck,1/15/1965,2/18/1995,1/1/9999
207779,Chinya,Kamble,1/16/1965,5/31/1992,1/1/9999
207980,Remko,Vieth,1/7/1965,11/22/1990,1/1/9999
208147,Manu,Rothenberg,1/9/1965,12/6/1988,1/1/9999
208330,Shen,Flanders,1/11/1965,7/3/1989,1/1/9999
208639,Larisa,Lukaszewicz,1/27/1965,10/30/1996,1/1/9999
208653,Phillip,Schade,1/23/1965,3/3/1989,1/1/9999
208784,Pranjal,Juneja,1/30/1965,3/21/1985,1/1/9999
209101,Xinyu,Edelhoff,1/5/1965,10/26/1997,1/1/9999
209443,Krassimir,Garnier,1/19/1965,1/26/1998,1/1/9999
209565,Dante,Covnot,1/9/1965,5/28/1989,1/1/9999
209712,Nimmagadda,Baak,1/17/1965,10/30/1987,1/1/9999
210017,Shalesh,Lovengreen,1/28/1965,9/29/1990,1/1/9999
210292,Lihong,Zeilberger,1/18/1965,4/28/1996,1/1/9999
210449,Gino,Lagarias,1/19/1965,6/22/1997,1/1/9999
210752,Saniya,Stenning,1/25/1965,12/10/1986,1/1/9999
210786,Werner,Ranze,1/31/1965,6/5/1998,1/1/9999
211858,Domenico,Ratnaker,1/8/1965,3/24/1985,1/1/9999
211879,Gao,Ranze,1/12/1965,11/24/1994,1/1/9999
211967,Anwar,Bain,1/7/1965,1/22/1989,1/1/9999
212093,Leni,Henders,1/11/1965,11/19/1993,1/1/9999
212154,Sailaja,Holburn,1/17/1965,3/4/1991,1/1/9999
212361,Claudi,Stanfel,1/16/1965,1/7/1996,1/1/9999
213016,Yongmao,Fontan,1/22/1965,7/26/1993,1/1/9999
213140,Tru,Danecki,1/10/1965,3/31/1997,1/1/9999
213384,Pranas,Narwekar,1/4/1965,9/26/1985,1/1/9999
213447,Armond,Perly,2/1/1965,9/14/1989,1/1/9999
214215,Xiaoqiang,Cardazo,1/25/1965,5/28/1993,1/1/9999
214391,Rayond,Klassen,1/15/1965,9/11/1993,1/1/9999
214427,Peer,Molberg,1/29/1965,11/17/1996,1/1/9999
214539,Ingmar,Kohling,1/27/1965,4/25/1995,1/1/9999
214634,Shirish,Vickson,1/12/1965,10/24/1989,1/1/9999
214789,Arfst,Chepyzhov,1/28/1965,2/6/1989,1/1/9999
214866,Gopalakrishnan,Angel,2/1/1965,7/5/1997,1/1/9999
214995,Dinkar,Hoppenstand,1/12/1965,5/4/1994,1/1/9999
215419,Flemming,Kroha,1/16/1965,1/23/1995,1/1/9999
215629,Munehiro,Manders,1/15/1965,5/18/1987,1/1/9999
215746,Sven,Speer,1/8/1965,7/8/1999,1/1/9999
215843,Pramod,Loncour,1/30/1965,3/31/1987,1/1/9999
216054,Sahrah,Angiulli,1/24/1965,7/31/1986,1/1/9999
216342,Aiichiro,Cromarty,1/22/1965,6/10/1995,1/1/9999
216375,Byong,Gustavson,1/16/1965,3/12/1985,1/1/9999
216502,Xiaocheng,Suermann,1/26/1965,12/15/1997,1/1/9999
216573,Ashish,Vidya,1/29/1965,6/16/1989,1/1/9999
216921,Lena,Lenart,1/22/1965,12/25/1990,1/1/9999
217026,Otmar,Engberts,1/11/1965,8/16/1993,1/1/9999
217080,Masami,Puoti,1/12/1965,1/21/2000,1/1/9999
217272,Yuchang,Eldridge,1/21/1965,8/1/1986,1/1/9999
217286,Yannik,Spelt,1/5/1965,9/22/1992,1/1/9999
217320,Abdelwaheb,Denis,1/10/1965,9/10/1993,1/1/9999
217363,Horward,Marzano,1/14/1965,4/11/1996,1/1/9999
217387,Jianhao,Molenaar,1/21/1965,10/22/1987,1/1/9999
217551,Panayotis,Lukaszewicz,1/2/1965,6/6/1989,1/1/9999
217800,Shay,Servieres,2/1/1965,8/6/1998,1/1/9999
218022,Mokhtar,Poupard,1/26/1965,2/2/1992,1/1/9999
218100,Jiong,Garnham,1/24/1965,1/2/1990,1/1/9999
218831,Unal,DuBourdieux,1/16/1965,3/13/1996,1/1/9999
219035,Kristine,Bierman,1/18/1965,5/13/1988,1/1/9999
219047,Aemilian,Kusalik,1/30/1965,5/27/1987,1/1/9999
219052,Marsal,Acton,1/6/1965,8/2/1995,1/1/9999
219417,Subhrajyoti,Denna,1/29/1965,7/25/1996,1/1/9999
219497,Moie,Zastre,1/22/1965,10/11/1991,1/1/9999
219967,Susanna,Reeken,1/16/1965,3/16/1998,1/1/9999
220029,Demos,Asser,1/17/1965,11/4/1985,1/1/9999
220131,Reinhard,Slaats,1/9/1965,6/8/1994,1/1/9999
220418,Poorav,Laventhal,1/23/1965,8/16/1997,1/1/9999
220528,Sibyl,Rabehasaina,1/6/1965,2/23/1998,1/1/9999
220582,Poornachandra,Zielinski,1/8/1965,2/13/1996,1/1/9999
220611,Yuping,Babb,1/23/1965,1/31/1995,1/1/9999
220625,Shigenori,Deville,1/25/1965,12/24/1992,1/1/9999
220699,Nahid,Gyimothy,1/7/1965,8/18/1995,1/1/9999
220799,Perla,Orlowska,1/17/1965,10/13/1998,1/1/9999
221126,Tesuya,dAstous,1/23/1965,11/29/1988,1/1/9999
221367,Saddek,Farris,1/13/1965,11/6/1990,1/1/9999
221369,Abdulah,Pocchiola,1/28/1965,8/28/1996,1/1/9999
221435,Djenana,Marrevee,1/6/1965,2/6/1994,1/1/9999
221973,Sangeeta,Kalefeld,1/17/1965,6/6/1990,1/1/9999
222206,Stein,Uludag,1/21/1965,1/30/1988,1/1/9999
222311,Miyeon,Billingsley,1/20/1965,12/5/1992,1/1/9999
222319,Matt,Chvatal,1/20/1965,11/9/1994,1/1/9999
222354,Valdiodio,Schlumberger,1/15/1965,8/7/1993,1/1/9999
222616,Badri,Schapire,2/1/1965,1/19/1998,1/1/9999
222770,Kazuhiko,Kushner,1/22/1965,8/1/1995,1/1/9999
222878,Annemarie,Zallocco,1/10/1965,12/1/1996,1/1/9999
222926,Limsoon,Erol,1/10/1965,12/31/1997,1/1/9999
222952,Gopalakrishnan,Suermann,1/28/1965,4/30/1991,1/1/9999
222998,Leaf,Awdeh,1/7/1965,10/2/1992,1/1/9999
223593,Hidefumi,Moehrke,1/20/1965,3/4/1998,1/1/9999
223595,Chiranjit,Dredge,2/1/1965,9/5/1999,1/1/9999
224135,Annemarie,Bressoud,1/2/1965,6/23/1998,1/1/9999
224335,Perry,Chachaty,1/29/1965,7/22/1985,1/1/9999
224390,TRUE,Shobatake,1/24/1965,5/17/1996,1/1/9999
224934,George,Miake,1/5/1965,1/2/1988,1/1/9999
225438,Remmert,Quaggetto,1/14/1965,4/28/1992,1/1/9999
225601,Masasuke,Genin,1/13/1965,6/25/1994,1/1/9999
225788,Ipke,Kieras,1/8/1965,12/18/1995,1/1/9999
225867,Ramalingam,Remmele,1/26/1965,9/3/1999,1/1/9999
225964,Mooi,Cooman,1/19/1965,6/7/1989,1/1/9999
226216,Giordano,Gini,1/28/1965,8/14/1993,1/1/9999
226227,Herbert,Erva,1/7/1965,9/6/1986,1/1/9999
227354,Gio,Murtha,1/12/1965,11/11/1986,1/1/9999
227476,Macha,Schnabel,1/11/1965,5/11/1988,1/1/9999
227681,Mikhail,Rousseau,1/30/1965,11/30/1998,1/1/9999
227899,Garnik,Luce,1/23/1965,9/15/1998,1/1/9999
227901,Francesca,Azuma,1/26/1965,6/8/1996,1/1/9999
228098,IEEE,Kroll,1/18/1965,2/17/1998,1/1/9999
228248,Yuriy,Plump,1/9/1965,9/8/1988,1/1/9999
228554,Bilhanan,Brendel,1/3/1965,12/23/1990,1/1/9999
228766,Nahla,Smailagic,1/11/1965,2/12/1993,1/1/9999
229098,Berry,Yurek,1/8/1965,8/16/1995,1/1/9999
229220,Fabrizio,Lichtman,1/21/1965,2/9/1987,1/1/9999
229248,Harjit,Terekhov,1/27/1965,10/19/1995,1/1/9999
229386,Pohua,Tasistro,1/3/1965,11/4/1994,1/1/9999
229391,Paloma,Henseler,1/15/1965,6/11/1991,1/1/9999
229404,Gilbert,Kilgour,1/11/1965,4/5/1996,1/1/9999
229547,Moni,Schach,1/3/1965,7/4/1986,1/1/9999
229727,Ewing,Millington,1/23/1965,9/28/1999,1/1/9999
229981,Jamaludin,Fordan,1/19/1965,2/6/1992,1/1/9999
230002,Tadahiro,Backhouse,1/7/1965,10/2/1991,1/1/9999
230126,Bezalel,Radivojevic,1/31/1965,7/2/1988,1/1/9999
230287,Renny,Alameldin,1/14/1965,9/28/1997,1/1/9999
230354,Yinghua,Lorho,1/31/1965,8/9/1991,1/1/9999
230498,Kolar,Puppo,1/15/1965,4/25/1990,1/1/9999
230579,Shahar,Negoita,1/17/1965,3/19/1994,1/1/9999
230689,Dietrich,Crabtree,1/14/1965,5/24/1986,1/1/9999
230865,Takushi,Brattka,1/2/1965,6/3/1999,1/1/9999
231069,Trygve,Siksek,1/22/1965,11/9/1995,1/1/9999
231459,Nectarios,Pramanik,1/28/1965,11/18/1999,1/1/9999
231671,Chandrasekaran,Pearson,1/7/1965,4/14/1995,1/1/9999
231798,Goetz,Alvarado,1/28/1965,12/25/1988,1/1/9999
232178,Etsuo,Anandan,1/29/1965,12/13/1989,1/1/9999
232209,Nitsan,Rouquie,1/11/1965,8/1/1988,1/1/9999
232697,Barry,Ramsak,1/23/1965,9/7/1990,1/1/9999
232723,Tesuya,Bugrara,1/14/1965,2/13/1993,1/1/9999
233114,Alselm,Gargeya,1/20/1965,12/25/1987,1/1/9999
233394,Khalid,Lenart,1/6/1965,12/24/1995,1/1/9999
233397,Fay,Sundgren,1/16/1965,7/7/1990,1/1/9999
233426,Etsuo,Usery,1/12/1965,3/2/1995,1/1/9999
233690,Cedric,Riefers,1/17/1965,9/8/1994,1/1/9999
233759,Zissis,Lodder,1/14/1965,5/27/2000,1/1/9999
233765,Kotesh,Chachaty,1/20/1965,3/25/1991,1/1/9999
233785,Baziley,Ballarin,1/30/1965,7/28/1987,1/1/9999
233818,Kellie,Heydon,1/1/1965,11/11/1985,1/1/9999
234195,Luerbio,Terkki,1/7/1965,5/14/1991,1/1/9999
234739,Foong,Aamodt,1/31/1965,6/28/1986,1/1/9999
235017,Irena,Dratva,1/17/1965,9/7/1991,1/1/9999
235096,Sverrir,Gyimothy,1/21/1965,7/30/1995,1/1/9999
235325,Gro,Prochazka,1/6/1965,10/16/1992,1/1/9999
235368,Anneli,Joslin,1/9/1965,4/12/1987,1/1/9999
235458,Gio,Heuser,1/5/1965,6/28/1992,1/1/9999
235729,Henk,Anger,2/1/1965,1/19/1993,1/1/9999
235780,Sampalli,Bergere,1/17/1965,4/8/1994,1/1/9999
235793,Jayesh,Spinelli,1/3/1965,1/16/1999,1/1/9999
236315,IEEE,Raczkowsky,1/31/1965,7/24/1996,1/1/9999
236566,Yechezkel,Maginnis,1/17/1965,12/11/1992,1/1/9999
236591,Insup,Reinhard,1/11/1965,4/8/1985,1/1/9999
236827,Almudena,Rijckaert,1/28/1965,2/16/1994,1/1/9999
236883,Huan,Olivero,1/27/1965,11/19/1999,1/1/9999
236964,Adel,Foote,1/17/1965,3/20/2000,1/1/9999
238112,Miomir,Frezza,1/12/1965,5/25/1991,1/1/9999
238252,Uno,Suppi,1/9/1965,12/27/1996,1/1/9999
238422,Vishv,Angelov,1/10/1965,3/8/1988,1/1/9999
238949,Minghong,Cronin,1/9/1965,10/4/1987,1/1/9999
239067,Tadahiko,Pocchiola,1/11/1965,4/2/1996,1/1/9999
239244,Abdulla,Kitai,1/13/1965,2/20/1987,1/1/9999
239415,Susumu,Brender,1/1/1965,4/17/1993,1/1/9999
239426,Vesna,Fairtlough,1/8/1965,5/7/2002,1/1/9999
239664,Sugwoo,Michaels,1/4/1965,8/2/1992,1/1/9999
239706,Arunas,Bugrara,1/15/1965,4/3/1997,1/1/9999
239748,Bilhanan,Dusink,1/23/1965,6/4/1988,1/1/9999
239803,Oscal,Ernst,1/30/1965,5/19/1992,1/1/9999
240132,Mizuhito,Kobara,2/1/1965,8/9/1996,1/1/9999
240236,TRUE,Tischendorf,1/24/1965,1/19/1986,1/1/9999
240285,Kolar,Greenaway,1/23/1965,11/14/1998,1/1/9999
240340,Mack,Staylopatis,1/14/1965,4/2/1985,1/1/9999
240438,Temple,Cyre,1/2/1965,9/30/1992,1/1/9999
240870,Francesca,Chorvat,1/6/1965,3/17/1992,1/1/9999
241100,Cedric,Molenaar,1/23/1965,10/6/1990,1/1/9999
241254,Jagoda,Anguita,1/15/1965,5/11/1993,1/1/9999
241292,Uri,Lampe,1/29/1965,12/11/2001,1/1/9999
241567,Emran,Miara,1/18/1965,5/2/1989,1/1/9999
241667,Atilio,Olivero,1/28/1965,9/4/1985,1/1/9999
241728,Limsoon,Boudaillier,1/30/1965,8/8/1999,1/1/9999
241872,Bluma,Fetvedt,1/11/1965,11/14/2001,1/1/9999
242019,Herb,Murrill,1/9/1965,10/28/2001,1/1/9999
242081,Tomokazu,Pargas,1/12/1965,11/15/1996,1/1/9999
242104,Richara,Sudkamp,1/5/1965,9/5/1989,1/1/9999
242500,Bingning,Iisaku,1/8/1965,6/26/1989,1/1/9999
242800,Kazuyasu,Levergood,1/11/1965,2/10/1996,1/1/9999
243018,Bowen,Deverell,1/2/1965,12/27/1998,1/1/9999
243077,Kazunori,Perz,2/1/1965,2/25/1999,1/1/9999
243576,Abdulah,Lodder,1/4/1965,11/10/1996,1/1/9999
243637,Marjo,Delgrange,1/16/1965,6/24/1990,1/1/9999
243898,Arch,Basawa,1/9/1965,5/10/1998,1/1/9999
244308,Mokhtar,Rebaine,1/10/1965,7/23/1991,1/1/9999
244605,Masoud,Suwa,1/22/1965,10/10/1998,1/1/9999
244624,Boaz,Seuren,1/31/1965,3/27/1987,1/1/9999
244711,Rosli,Butner,1/25/1965,3/20/1991,1/1/9999
244714,Poorav,Clouatre,1/27/1965,5/6/1996,1/1/9999
244820,Shigenori,Hertweck,1/15/1965,4/13/1987,1/1/9999
244873,Arunachalam,Oppitz,1/4/1965,5/20/1986,1/1/9999
245164,Filipp,Winter,1/23/1965,10/24/1996,1/1/9999
245396,Gift,Bottner,1/31/1965,3/4/1995,1/1/9999
245664,Manohar,Kilgore,1/18/1965,11/17/1998,1/1/9999
246146,Zhongwei,Melski,1/30/1965,9/4/1987,1/1/9999
246244,George,Casperson,1/9/1965,1/20/2000,1/1/9999
246364,Alper,Tiemann,1/6/1965,10/29/1998,1/1/9999
246764,Shuzo,Czaja,1/4/1965,11/29/1997,1/1/9999
246798,Tianruo,Strooper,1/9/1965,12/7/2001,1/1/9999
246902,Shih,Shanbhogue,1/27/1965,4/19/1998,1/1/9999
247089,Seongbae,Schahn,1/17/1965,12/10/1992,1/1/9999
247122,Xiaobin,Narlikar,1/23/1965,2/14/1992,1/1/9999
247447,Tzu,Bakhtari,1/28/1965,3/18/1994,1/1/9999
247456,Masako,Bahk,1/16/1965,7/31/1997,1/1/9999
247612,Chiranjit,Constantine,1/4/1965,5/25/1997,1/1/9999
247875,Xiong,Anick,1/2/1965,4/23/1991,1/1/9999
247888,Abdelghani,Lagarias,1/15/1965,9/6/1985,1/1/9999
248256,Sajjan,Falby,1/5/1965,8/29/1996,1/1/9999
248351,Jaana,Milicia,2/1/1965,6/2/1985,1/1/9999
248758,Snehasis,Muhlberg,2/1/1965,12/25/1994,1/1/9999
248953,Percy,Sudbeck,1/29/1965,8/29/1996,1/1/9999
249239,Hideyuki,Decleir,1/21/1965,5/4/1994,1/1/9999
249325,Ute,Pokrovskii,1/26/1965,6/9/1997,1/1/9999
249433,Ayonca,Matzov,1/16/1965,6/3/1988,1/1/9999
249504,Dmitry,Velardi,1/7/1965,10/20/1995,1/1/9999
249780,Nechama,Gaughan,1/12/1965,7/9/1993,1/1/9999
249799,Jolita,Neimat,1/4/1965,12/27/1993,1/1/9999
249866,Steen,Gubsky,1/15/1965,1/14/1989,1/1/9999
249969,Georgi,Luiz,1/21/1965,6/10/1991,1/1/9999
250411,Ranga,Sommen,1/27/1965,1/20/1989,1/1/9999
250452,Alexius,Plavsic,1/14/1965,1/17/2000,1/1/9999
250748,Kish,Turnbull,1/27/1965,2/10/1987,1/1/9999
251166,Hinrich,Hooghiemstra,1/22/1965,10/5/1985,1/1/9999
251233,Yucel,Bernini,1/7/1965,2/19/1993,1/1/9999
251301,Pintsang,Impagliazzo,1/30/1965,5/6/1989,1/1/9999
251341,Divier,Kumaresan,1/11/1965,12/5/1992,1/1/9999
251403,Utpal,DuBourdieux,1/1/1965,11/19/1997,1/1/9999
251437,Shichao,Iwayama,1/20/1965,10/17/1989,1/1/9999
251645,Bezalel,Tsunoo,1/6/1965,6/17/1992,1/1/9999
251680,Moty,Sommen,1/5/1965,8/14/1990,1/1/9999
251814,Mitsuyuki,Zockler,1/1/1965,9/14/1998,1/1/9999
252185,Chaosheng,Conta,1/1/1965,4/14/1997,1/1/9999
252316,Gill,Niizuma,1/7/1965,10/8/1994,1/1/9999
252392,Sanjeeva,Peron,1/1/1965,12/26/1993,1/1/9999
253029,Thodoros,Thimonier,1/13/1965,4/5/1995,1/1/9999
253707,Insup,Hainaut,1/5/1965,2/11/1998,1/1/9999
253838,Stafford,Terlouw,1/28/1965,2/21/1999,1/1/9999
253893,Huiqun,Trystram,1/4/1965,5/10/1993,1/1/9999
254044,Gunilla,Brendel,1/16/1965,4/10/1992,1/1/9999
254399,Armond,Lores,1/24/1965,9/16/1999,1/1/9999
254821,Tonny,Couchot,1/24/1965,12/12/1994,1/1/9999
255466,Huan,Roccetti,1/18/1965,7/3/1985,1/1/9999
255657,Oldrich,Cyre,1/20/1965,2/10/1985,1/1/9999
255779,Heejo,Merle,1/31/1965,9/4/1997,1/1/9999
256216,Halsur,Brodal,1/1/1965,11/22/1997,1/1/9999
256856,Hongzue,Barbanera,1/3/1965,6/17/1987,1/1/9999
256881,Ioana,Jakobus,1/3/1965,8/10/1990,1/1/9999
256888,Heather,Pehl,1/3/1965,9/15/1993,1/1/9999
257062,Stabislas,Pardalos,1/24/1965,6/21/1989,1/1/9999
257378,Pascal,Bernatsky,1/6/1965,9/3/1988,1/1/9999
257469,Anyuan,Hanratty,1/22/1965,1/6/1988,1/1/9999
257484,Shaowei,Nicolson,1/1/1965,12/7/1986,1/1/9999
258028,Mountaz,Reinhart,1/7/1965,7/3/2001,1/1/9999
258124,Mariusz,Zolotykh,1/17/1965,7/28/1990,1/1/9999
258470,Weiwu,Butner,1/4/1965,2/14/1995,1/1/9999
258643,Przemyslawa,Esposito,1/11/1965,2/27/1992,1/1/9999
259042,Xiaoqiang,Farrow,1/12/1965,1/1/1997,1/1/9999
259237,Palash,Gammage,1/27/1965,10/23/1987,1/1/9999
259273,Xiahua,Gomatam,1/22/1965,12/1/1989,1/1/9999
259611,Shuichi,Marrakchi,1/27/1965,8/21/1990,1/1/9999
259619,Conal,Magliocco,1/21/1965,5/9/1992,1/1/9999
259718,Stepehn,Bouloucos,1/24/1965,12/13/1993,1/1/9999
260153,Mingdong,Baar,1/28/1965,10/14/1991,1/1/9999
260249,Vugranam,Beausoleil,1/22/1965,5/14/1998,1/1/9999
260361,Reinhold,Rahier,1/25/1965,10/9/1997,1/1/9999
260399,Hatem,Birsak,1/30/1965,4/10/1989,1/1/9999
260408,Sasan,Brookner,1/19/1965,9/3/1996,1/1/9999
260501,Dzung,Pargas,1/14/1965,5/17/1990,1/1/9999
261184,Masako,Kornatzky,1/30/1965,8/29/1987,1/1/9999
261631,Jianhua,Huttel,1/8/1965,2/23/1998,1/1/9999
261662,Berni,Assaf,1/11/1965,9/8/1989,1/1/9999
261737,Mark,Lindqvist,1/23/1965,11/22/1990,1/1/9999
261986,Gila,Ramsak,1/21/1965,5/13/1997,1/1/9999
261990,Volkmar,Czaja,1/16/1965,4/1/1992,1/1/9999
262208,Mrinalini,Holburn,1/16/1965,5/23/1987,1/1/9999
262210,Chinho,Bottner,1/22/1965,7/29/1985,1/1/9999
262328,Mayuko,Vural,1/3/1965,12/24/1997,1/1/9999
262439,Lorien,Lagarias,1/30/1965,10/10/1985,1/1/9999
262636,Tamiya,Reutenauer,1/4/1965,4/10/1992,1/1/9999
262752,Pramod,Bierman,1/4/1965,12/12/1997,1/1/9999
262928,Piyush,Gill,1/1/1965,2/20/1995,1/1/9999
263012,Hideo,Buchter,1/9/1965,5/1/1999,1/1/9999
263186,Danny,Lowrie,1/22/1965,9/13/1995,1/1/9999
263370,Shakhar,Ranze,1/3/1965,5/29/1999,1/1/9999
263439,Atreye,Kabayashi,1/9/1965,12/15/1986,1/1/9999
263645,Mingsen,Lally,1/19/1965,12/4/1990,1/1/9999
263649,Mechthild,Zongker,1/17/1965,7/26/1993,1/1/9999
263926,Fusako,Schwartzbauer,1/3/1965,4/7/1985,1/1/9999
264030,Zdislav,Solares,1/15/1965,12/14/1990,1/1/9999
264167,Baoqiu,Tomescu,1/25/1965,5/1/1996,1/1/9999
264322,Leandro,Swist,1/3/1965,1/6/1991,1/1/9999
264626,Noritoshi,Bakhtari,1/13/1965,2/3/1993,1/1/9999
264939,Bogdan,Bahi,1/10/1965,2/13/1999,1/1/9999
265039,Navid,Staudhammer,1/3/1965,10/18/1992,1/1/9999
265521,Kensei,Salverda,1/4/1965,5/25/1993,1/1/9999
265558,Susuma,Kleiser,1/31/1965,8/2/1987,1/1/9999
265794,Miquel,Halloran,1/15/1965,1/14/1994,1/1/9999
265875,Fan,Marsiglia,1/20/1965,9/3/1989,1/1/9999
266206,Zsolt,Anily,2/1/1965,8/19/1985,1/1/9999
266249,Sumant,Nishimukai,1/15/1965,3/28/1991,1/1/9999
266310,Zvonko,Serdy,1/23/1965,6/24/1987,1/1/9999
266644,Anwar,Gubsky,1/8/1965,8/9/1993,1/1/9999
266862,Mart,Plumb,1/10/1965,4/21/1986,1/1/9999
266881,Mokhtar,Sabnani,1/11/1965,2/4/1997,1/1/9999
267059,Moie,Tempesti,1/9/1965,6/29/1991,1/1/9999
267227,Susuma,Tagansky,1/10/1965,1/22/1995,1/1/9999
267304,Jordanka,Axelband,1/6/1965,6/27/1994,1/1/9999
267667,Irena,Kaiserswerth,1/5/1965,9/5/1987,1/1/9999
268043,Narain,Mikschl,1/28/1965,11/2/1997,1/1/9999
268191,LiMin,Teitelbaum,1/7/1965,11/1/1990,1/1/9999
269728,Naftali,Kragelund,1/12/1965,5/16/1987,1/1/9999
270084,Ulises,Frolund,1/11/1965,7/26/1986,1/1/9999
270716,Shunichi,Baer,1/19/1965,2/4/1998,1/1/9999
270794,Dannz,Zhang,2/1/1965,6/26/1991,1/1/9999
271106,Taisook,Kampfer,1/10/1965,11/30/1997,1/1/9999
271219,Odoardo,Tyugu,1/16/1965,11/7/1994,1/1/9999
272141,Tsutomu,Neiman,1/13/1965,7/31/1996,1/1/9999
272285,Gully,Mitchem,1/19/1965,1/22/1986,1/1/9999
272316,Surveyors,Muhling,1/5/1965,7/19/1999,1/1/9999
272452,Mitsuyuki,Isard,1/10/1965,2/27/2002,1/1/9999
272599,Holgard,Hegner,1/16/1965,7/15/1993,1/1/9999
272860,Minghong,Candan,2/1/1965,2/10/1994,1/1/9999
273159,Divine,Hofmeyr,1/26/1965,4/14/1989,1/1/9999
273286,Brigham,Asmuth,1/26/1965,1/23/1989,1/1/9999
273396,Wayne,Baba,1/10/1965,3/7/1998,1/1/9999
273806,Hongzhu,Beetstra,1/1/1965,8/18/1997,1/1/9999
273858,Gunilla,Matzen,1/13/1965,12/28/1990,1/1/9999
274071,Mingsen,Weiland,1/1/1965,10/12/1995,1/1/9999
274271,Prodip,Ritcey,1/10/1965,9/10/1986,1/1/9999
274369,Ranga,Waymire,1/29/1965,1/27/1997,1/1/9999
274813,Yefim,Pettey,1/10/1965,8/7/1993,1/1/9999
275158,Satyanarayana,Brandsma,1/7/1965,12/8/1999,1/1/9999
275263,Vojin,Laventhal,1/21/1965,10/18/1991,1/1/9999
275444,Limsoon,Leppanen,1/16/1965,1/21/1993,1/1/9999
275495,Shen,Yamaashi,1/13/1965,2/19/1995,1/1/9999
275801,Ayakannu,Heinisuo,1/22/1965,6/28/1986,1/1/9999
275881,Jiann,Munro,1/8/1965,5/18/1988,1/1/9999
275994,Uma,Prampolini,1/29/1965,2/21/1991,1/1/9999
276027,Holgard,Stavenow,1/4/1965,2/28/1986,1/1/9999
276184,Mari,Swick,1/10/1965,4/8/1991,1/1/9999
276186,Sajjad,Vecchi,1/30/1965,6/2/1993,1/1/9999
276189,Isaac,Klerer,1/10/1965,3/19/1995,1/1/9999
276445,Atilio,Randi,1/27/1965,7/2/1988,1/1/9999
276472,Hideyuki,Flanders,1/27/1965,11/10/1988,1/1/9999
276563,Gift,Solares,1/1/1965,8/1/1995,1/1/9999
276868,Alois,Sanella,1/19/1965,3/13/1998,1/1/9999
277316,Vitali,Rothenberg,1/3/1965,10/4/1989,1/1/9999
277362,Uzi,Kugler,1/9/1965,1/12/1991,1/1/9999
277420,Rayond,Schach,1/16/1965,4/22/1995,1/1/9999
277777,Herbert,Itzigehl,1/27/1965,7/4/1990,1/1/9999
277829,Michaela,Fandrianto,1/22/1965,6/2/1986,1/1/9999
278239,Boaz,Bottner,1/19/1965,2/6/1994,1/1/9999
278386,Caolyn,Poujol,1/15/1965,12/3/1995,1/1/9999
278452,Sudhanshu,Toyoshima,1/7/1965,8/29/1987,1/1/9999
278536,Munenori,Shobatake,1/14/1965,1/10/1992,1/1/9999
278549,Jaana,Werthner,1/2/1965,7/27/1989,1/1/9999
278953,Jeanna,Ghandeharizadeh,1/26/1965,8/11/1990,1/1/9999
279115,Maren,DuCasse,1/5/1965,11/29/1997,1/1/9999
279280,Niranjan,Debuse,1/9/1965,9/21/1992,1/1/9999
279791,Chiranjit,Lyonns,1/10/1965,12/24/1986,1/1/9999
280070,Niteen,Ebeling,1/24/1965,3/29/1988,1/1/9999
280291,Lenore,Badache,1/26/1965,11/24/1998,1/1/9999
280420,Jahangir,Hofting,1/31/1965,9/28/1986,1/1/9999
280525,Kish,Herbst,1/13/1965,8/18/1996,1/1/9999
280648,Heeju,Lorys,1/4/1965,12/27/1986,1/1/9999
281570,Zijian,Covnot,1/8/1965,9/13/1994,1/1/9999
281692,Khosrow,Sommen,1/6/1965,3/3/1990,1/1/9999
281848,Parke,Staylopatis,1/29/1965,7/31/1993,1/1/9999
281859,Masanao,Papastamatiou,1/17/1965,11/25/1985,1/1/9999
282191,Alper,Shinomoto,1/16/1965,10/20/1997,1/1/9999
282333,Nahla,Serdy,1/25/1965,9/9/1993,1/1/9999
282343,Xinglin,Haldar,1/13/1965,7/20/1988,1/1/9999
282547,Nahum,Codenie,1/18/1965,6/14/1999,1/1/9999
282585,Zijian,Lammel,1/3/1965,7/1/1996,1/1/9999
282894,Fay,Bellmore,1/5/1965,5/3/1989,1/1/9999
284300,Ishfaq,Mahmud,1/22/1965,11/29/1991,1/1/9999
284431,Pintsang,Fujisawa,1/25/1965,4/16/1996,1/1/9999
284561,Duri,Beznosov,1/3/1965,2/15/1988,1/1/9999
284687,Oksana,Redmiles,1/15/1965,6/22/1985,1/1/9999
284691,Theron,Ressouche,1/4/1965,8/17/1988,1/1/9999
284711,Martijn,Azevdeo,1/21/1965,2/10/1988,1/1/9999
284717,Gal,Ranta,1/11/1965,11/7/1992,1/1/9999
284856,Moto,Kobara,1/5/1965,12/12/1991,1/1/9999
284954,Anneke,Hammerschmidt,1/16/1965,1/30/1996,1/1/9999
285164,Xiaocheng,Kumaresan,1/2/1965,10/3/1994,1/1/9999
285396,Lena,Kohling,1/27/1965,10/4/1986,1/1/9999
285905,Kellyn,Bage,1/9/1965,11/4/1994,1/1/9999
285906,Arnould,Buescher,1/2/1965,3/26/1998,1/1/9999
286026,Utpal,Zaumen,1/21/1965,2/25/1991,1/1/9999
286029,Jaques,Nanard,1/28/1965,7/16/1996,1/1/9999
286370,Toshimitsu,Seuren,1/6/1965,1/19/1995,1/1/9999
286452,Behnaam,Bierbaum,1/26/1965,1/31/1999,1/1/9999
286573,Nahum,Nishimukai,1/27/1965,7/29/1994,1/1/9999
286779,Sigeru,Versino,1/24/1965,8/31/1998,1/1/9999
286986,Woody,Trelles,1/1/1965,5/23/1996,1/1/9999
287323,Steve,Dengi,2/1/1965,9/15/1999,1/1/9999
287327,Youjian,Felder,1/13/1965,7/15/1993,1/1/9999
287334,Elliott,Speer,1/5/1965,8/8/1998,1/1/9999
287482,Shigeaki,Gihr,1/1/1965,3/18/1994,1/1/9999
287583,Jovan,Hockney,1/18/1965,6/21/1990,1/1/9999
287609,Sailaja,Negoita,1/6/1965,1/20/1988,1/1/9999
287713,Aamod,Ranka,1/23/1965,12/7/1992,1/1/9999
287808,Vidar,Ozeki,1/9/1965,6/17/1996,1/1/9999
287983,Randi,Munos,1/23/1965,9/7/1990,1/1/9999
287984,Troy,Kobuchi,1/9/1965,2/12/1991,1/1/9999
288028,Kauko,Narwekar,1/22/1965,12/16/1985,1/1/9999
288142,Shay,Heystek,1/25/1965,4/1/1989,1/1/9999
288166,Masoud,Asmuth,1/11/1965,9/5/1994,1/1/9999
288560,Yifei,Birjandi,1/16/1965,2/7/1994,1/1/9999
288563,Cristinel,Gerlach,1/2/1965,1/9/1996,1/1/9999
288606,Susumu,Swiss,1/21/1965,11/15/1991,1/1/9999
288665,Horward,Khasidashvili,1/31/1965,11/19/1998,1/1/9999
288893,Bedrich,Rosenbaum,1/30/1965,1/27/1991,1/1/9999
289454,Bowen,Narwekar,1/20/1965,3/8/1985,1/1/9999
289687,Fai,Maccarone,1/31/1965,10/30/1985,1/1/9999
289807,Soenke,Lemarechal,1/4/1965,9/4/1994,1/1/9999
289909,Hilari,Vecchio,1/9/1965,4/24/1993,1/1/9999
290009,Zijian,Rindone,1/22/1965,7/9/1989,1/1/9999
290075,Boalin,Byoun,1/15/1965,10/1/1990,1/1/9999
290284,Kwangjo,Menhardt,1/8/1965,1/11/1996,1/1/9999
290441,Gregory,Collavizza,1/25/1965,9/9/1987,1/1/9999
290467,Shaowen,Poulakidas,1/29/1965,4/15/1987,1/1/9999
290478,Tsvetan,Sherertz,1/3/1965,8/7/1989,1/1/9999
290563,Shigehiro,Oxenboll,1/9/1965,2/26/1986,1/1/9999
290769,Lalit,Blokdijk,1/26/1965,2/1/1999,1/1/9999
291352,Danai,Trelles,1/7/1965,8/26/1997,1/1/9999
291612,Siamak,Gomatam,1/30/1965,7/8/1998,1/1/9999
291669,Faiza,Bach,1/4/1965,9/13/1999,1/1/9999
292110,Menkae,Showalter,1/23/1965,8/9/1996,1/1/9999
292146,Khatoun,Pulkowski,1/9/1965,1/9/2002,1/1/9999
292210,Masaru,Huhdanpaa,1/17/1965,11/23/1996,1/1/9999
292404,Hongzue,Zultner,1/28/1965,2/22/1990,1/1/9999
292504,Georgi,Bednarek,1/27/1965,3/2/1994,1/1/9999
292515,Bernd,Thummel,1/4/1965,8/3/1989,1/1/9999
292828,Ziya,Tokunaga,1/10/1965,1/8/1986,1/1/9999
293080,Hideyuki,Slaats,1/12/1965,5/30/1987,1/1/9999
293154,Syozo,Maliniak,1/21/1965,6/6/1993,1/1/9999
293280,Moti,Steenbeek,1/24/1965,1/22/1987,1/1/9999
293329,Fumiya,Griswold,1/15/1965,6/12/1986,1/1/9999
293746,Sanjay,Litecky,1/25/1965,8/27/1995,1/1/9999
293752,Jungsoon,Bail,1/4/1965,2/18/1986,1/1/9999
294144,Takanari,Ermel,1/9/1965,1/11/1992,1/1/9999
294241,Marl,Fiebach,1/12/1965,7/26/1994,1/1/9999
294446,Claudi,Ruemmler,1/27/1965,8/13/1999,1/1/9999
294461,Siddarth,Rosiles,1/14/1965,11/18/1985,1/1/9999
294527,Ashish,Candan,1/4/1965,2/2/1992,1/1/9999
294652,Hironobu,Brodie,1/27/1965,12/21/1998,1/1/9999
294791,Vesna,Lammel,1/28/1965,10/8/1999,1/1/9999
294857,Caolyn,Ozeri,1/15/1965,7/29/1986,1/1/9999
295030,Fun,Keirsey,1/1/1965,7/9/1985,1/1/9999
295236,Kauko,Fujisawa,1/24/1965,9/13/1987,1/1/9999
295254,Xuejun,Pfau,1/15/1965,7/24/1985,1/1/9999
295255,Jacopo,Bellone,1/4/1965,3/13/1988,1/1/9999
295262,Moon,Pews,1/22/1965,8/6/1994,1/1/9999
295268,Eben,Calkin,1/28/1965,12/19/1996,1/1/9999
295278,Val,Barvinok,1/4/1965,1/2/1990,1/1/9999
295411,Chiranjit,Serot,1/18/1965,4/4/1997,1/1/9999
295857,Kankanahalli,Ciolek,1/17/1965,12/26/1989,1/1/9999
296062,Shaz,Driscoll,1/29/1965,10/3/1998,1/1/9999
296303,Mariangiola,Heyers,1/28/1965,8/4/1992,1/1/9999
296428,Charmane,Simmen,1/3/1965,3/7/1989,1/1/9999
296664,Dipayan,Geffroy,1/31/1965,9/17/1987,1/1/9999
296687,Palash,Spieker,1/2/1965,5/11/1991,1/1/9999
296718,Kamakshi,Bahl,1/30/1965,12/22/1987,1/1/9999
297232,Lokesh,Saoudi,1/16/1965,5/25/1999,1/1/9999
297431,Cathie,Ratnakar,1/12/1965,6/23/1996,1/1/9999
297474,Irena,Terkki,1/13/1965,3/11/1998,1/1/9999
297905,Marc,Bahl,1/12/1965,6/18/1997,1/1/9999
297954,Sailaja,Fujisaki,1/13/1965,7/24/1995,1/1/9999
298339,King,Benzmuller,1/11/1965,9/4/1986,1/1/9999
298577,Florina,Litecky,1/11/1965,12/2/1985,1/1/9999
298953,Zita,Syang,2/1/1965,12/29/1998,1/1/9999
299346,Fumitake,Sichman,1/9/1965,2/21/1991,1/1/9999
299580,Luisa,Itzfeldt,1/21/1965,1/23/1997,1/1/9999
299718,Denny,Shobatake,1/15/1965,6/22/1997,1/1/9999
299737,Patricio,Itzfeldt,2/1/1965,5/21/1985,1/1/9999
400046,Hilari,Christ,1/12/1965,10/7/1996,1/1/9999
400358,Angus,Jullig,1/31/1965,4/13/1989,1/1/9999
400683,Kamakshi,Manders,1/28/1965,8/5/1995,1/1/9999
400780,Poornachandra,Asser,1/9/1965,11/7/1993,1/1/9999
400796,Bodo,Halevi,1/10/1965,5/30/1996,1/1/9999
401154,Danae,Kragelund,1/27/1965,5/20/1987,1/1/9999
401278,Oguz,Schurmann,1/16/1965,11/11/1986,1/1/9999
401333,Martins,Shokrollahi,1/30/1965,11/4/1986,1/1/9999
401420,Florian,Uhrig,1/6/1965,1/31/1987,1/1/9999
401574,Yannik,Falco,1/13/1965,1/15/1988,1/1/9999
402025,Shigehito,Duclos,1/20/1965,9/20/1987,1/1/9999
402102,Kersti,Granlund,1/21/1965,3/19/1995,1/1/9999
402664,Subhada,Janetzko,1/4/1965,1/25/1987,1/1/9999
402718,Jeanna,Rettelbach,1/17/1965,2/14/1990,1/1/9999
402827,Weidon,Pollacia,1/28/1965,3/24/2002,1/1/9999
403010,Toshimitsu,Sluis,1/16/1965,2/18/1985,1/1/9999
403621,Deborah,Kaminger,1/7/1965,6/4/1988,1/1/9999
403644,Krisda,Hainaut,1/19/1965,7/8/1995,1/1/9999
403954,Jeanna,Bratten,1/10/1965,7/26/1990,1/1/9999
404018,Valery,Babb,1/11/1965,10/19/1998,1/1/9999
404236,Zengping,Kakkar,1/12/1965,7/22/1988,1/1/9999
404462,Anestis,Setlzner,1/9/1965,7/13/1985,1/1/9999
404573,Eberhardt,Spelt,1/31/1965,7/5/1997,1/1/9999
404755,Manu,Junet,1/13/1965,4/20/1991,1/1/9999
404788,Basem,Beausoleil,1/16/1965,3/16/1998,1/1/9999
405015,Morris,Fargier,1/2/1965,6/29/1988,1/1/9999
405063,Yechezkel,Yurov,1/26/1965,11/16/2001,1/1/9999
406125,Georgi,Portugali,1/25/1965,9/27/1987,1/1/9999
406239,Marek,Tomescu,1/9/1965,5/15/1995,1/1/9999
406564,Parviz,Picco,1/25/1965,4/16/1995,1/1/9999
406714,Malu,Ossenbruggen,2/1/1965,11/21/1986,1/1/9999
406847,Alexius,Crouzet,1/24/1965,10/5/1999,1/1/9999
407522,Tommaso,Raczkowsky,1/25/1965,8/29/1996,1/1/9999
407837,Fei,Erez,2/1/1965,4/2/1988,1/1/9999
408019,Shridhar,Chleq,1/1/1965,3/22/1986,1/1/9999
408114,Geoffrey,Ladret,1/5/1965,1/3/1994,1/1/9999
408163,Irene,Sethi,1/21/1965,8/12/2000,1/1/9999
408417,Tsz,Daescu,1/19/1965,9/28/1994,1/1/9999
408437,Uno,Solares,1/29/1965,9/22/1994,1/1/9999
408447,Mayuri,Werthner,1/13/1965,2/20/2001,1/1/9999
408654,Yongqiao,Cochrane,1/9/1965,10/27/1986,1/1/9999
408953,Jolita,Claffy,1/26/1965,12/24/1993,1/1/9999
409391,Willard,Verspoor,1/6/1965,2/28/1999,1/1/9999
409798,Dekang,Tsunoo,1/15/1965,1/19/1995,1/1/9999
409805,Frazer,Candan,1/15/1965,3/5/1999,1/1/9999
409898,Divier,Ishibashi,2/1/1965,9/22/1989,1/1/9999
410028,Xiadong,McClurg,1/11/1965,9/17/1985,1/1/9999
410372,Duri,Mitina,1/8/1965,3/4/1990,1/1/9999
410433,Kazuhisa,Riesenhuber,1/19/1965,10/6/1992,1/1/9999
410616,Gudjon,Kalorkoti,1/18/1965,4/14/1994,1/1/9999
410804,Ronnie,Denos,1/17/1965,6/8/1992,1/1/9999
410881,Koichi,Grabner,1/6/1965,4/5/2000,1/1/9999
411070,Otmar,Brandsma,1/29/1965,5/28/1987,1/1/9999
411082,Martine,Cangellaris,1/8/1965,4/28/1992,1/1/9999
411143,Goncalo,Barbanera,1/8/1965,9/1/1996,1/1/9999
412404,Mitsuyuki,Jeansoulin,1/15/1965,10/28/1999,1/1/9999
412757,Leen,Peak,1/3/1965,11/20/1999,1/1/9999
413098,Hsiangchu,Taubenfeld,1/26/1965,4/17/1993,1/1/9999
413205,Mototsugu,Prampolini,1/9/1965,6/12/1988,1/1/9999
413666,Remco,Duclos,1/5/1965,4/18/1988,1/1/9999
413729,Harjit,Ernst,1/2/1965,4/26/1992,1/1/9999
413831,Mohamadou,Grabner,1/9/1965,11/25/1991,1/1/9999
413832,Marco,Jahnichen,1/24/1965,3/28/1995,1/1/9999
414027,Tadanori,Msuda,1/31/1965,2/20/1993,1/1/9999
414091,Wuxu,Kuhnemann,1/17/1965,8/19/1997,1/1/9999
414543,Bernd,Anick,1/3/1965,11/19/1988,1/1/9999
414551,Elliott,Copas,1/22/1965,9/13/1994,1/1/9999
414662,Ipke,Schneeberger,1/21/1965,9/20/1985,1/1/9999
414714,Chinho,Delgrande,1/6/1965,11/7/1996,1/1/9999
414814,Dayanand,Wielonsky,1/28/1965,2/28/1999,1/1/9999
414897,Juyoung,Willoner,1/17/1965,11/3/1989,1/1/9999
415187,Juyoung,Peltason,1/3/1965,9/1/1998,1/1/9999
415338,Shigeo,Emmart,1/22/1965,12/24/1995,1/1/9999
415363,Conal,Shackell,1/19/1965,2/23/1995,1/1/9999
415563,Mrinalini,Bierbaum,1/21/1965,3/12/1986,1/1/9999
416074,Alain,Lieberherr,1/8/1965,5/11/1987,1/1/9999
416383,Nectarios,Itschner,1/29/1965,3/2/1990,1/1/9999
416420,Adamantios,Heemskerk,1/22/1965,8/8/1986,1/1/9999
416492,Kannan,Meriste,1/15/1965,8/12/1992,1/1/9999
416660,Nathalie,Luke,1/28/1965,9/16/1987,1/1/9999
416720,Tokuyasu,Xiaoshan,1/14/1965,9/19/1991,1/1/9999
416877,Gio,Orsini,1/2/1965,12/7/1988,1/1/9999
416892,Shooichi,Vandervoorde,1/3/1965,8/16/1996,1/1/9999
417435,Bouchung,Zaumen,1/3/1965,1/29/1999,1/1/9999
418239,Josyula,Motley,1/3/1965,3/26/1996,1/1/9999
418247,Oscar,Oppitz,1/8/1965,7/27/2002,1/1/9999
418298,Arvin,Pusterhofer,1/8/1965,3/2/1995,1/1/9999
418309,Danel,Petereit,1/24/1965,2/21/1985,1/1/9999
418380,Kazuhiko,Gornas,1/2/1965,5/20/1993,1/1/9999
418566,Kazuhide,Snedden,1/27/1965,6/14/1996,1/1/9999
418606,Michaela,Otillio,1/11/1965,1/5/1994,1/1/9999
418717,Arunachalam,Magliocco,1/20/1965,12/23/1987,1/1/9999
418860,Ymte,Dalton,2/1/1965,11/22/1992,1/1/9999
419099,Heon,Broomell,1/15/1965,5/6/1998,1/1/9999
419953,Ung,Orlowski,1/29/1965,7/22/1991,1/1/9999
420086,Susuma,Kitsuregawa,1/27/1965,5/28/1985,1/1/9999
420476,Mariangiola,Bolsens,1/28/1965,6/15/1985,1/1/9999
420557,Mabhin,Eastman,1/6/1965,8/2/1989,1/1/9999
420694,Frazer,Barbanera,1/19/1965,11/4/1986,1/1/9999
420732,Willard,Morrin,1/6/1965,5/27/1996,1/1/9999
420759,Raimond,Solovay,1/4/1965,10/3/1997,1/1/9999
420765,Shawna,Krider,1/17/1965,3/9/1990,1/1/9999
420877,Khosrow,Erez,1/29/1965,2/11/1990,1/1/9999
421022,Shigeaki,Butner,1/26/1965,7/13/1996,1/1/9999
421033,Garnik,Randt,1/14/1965,12/23/1989,1/1/9999
421074,Zhaofang,Falster,1/7/1965,6/29/1994,1/1/9999
421312,Mariangiola,Bashian,1/13/1965,9/18/1999,1/1/9999
421384,Renny,Bednarek,1/2/1965,6/1/1987,1/1/9999
421755,Shichao,Thiria,1/3/1965,1/11/1989,1/1/9999
422146,Kenton,Miara,1/8/1965,3/13/2002,1/1/9999
422783,Jagoda,Uhrig,1/18/1965,9/1/1995,1/1/9999
423038,Takushi,Strehl,1/20/1965,10/4/1988,1/1/9999
423204,Uma,Stranks,1/8/1965,9/13/1991,1/1/9999
423208,Joydip,Krone,1/19/1965,2/8/1995,1/1/9999
423214,Tsutomu,Tetzlaff,1/31/1965,9/24/1987,1/1/9999
423327,Constantijn,Lichtman,1/27/1965,6/26/1994,1/1/9999
423350,Heping,Monarch,1/4/1965,4/15/1988,1/1/9999
423633,Mariusz,Tokunaga,1/30/1965,2/11/1985,1/1/9999
423993,Seshu,Kolvik,1/1/1965,12/9/1988,1/1/9999
424569,Danco,Luff,1/14/1965,10/30/1997,1/1/9999
424584,Kagan,Dredge,2/1/1965,2/26/1994,1/1/9999
424685,Changho,Veevers,1/10/1965,3/3/1997,1/1/9999
424797,Theron,Itschner,1/19/1965,5/16/1985,1/1/9999
424805,Jacqueline,Zallocco,1/24/1965,12/17/1987,1/1/9999
424930,Xuejun,Reeker,1/19/1965,11/18/1988,1/1/9999
424984,Vasilis,Waleschkowski,1/11/1965,5/26/1996,1/1/9999
425437,Moni,Staudhammer,1/3/1965,3/23/1999,1/1/9999
425535,Alagu,Vieri,1/18/1965,8/23/1986,1/1/9999
425540,Paddy,Zumaque,1/3/1965,11/12/1995,1/1/9999
425757,Yongdong,Jiang,1/18/1965,1/31/1995,1/1/9999
425780,Paris,Range,1/15/1965,10/25/1989,1/1/9999
425830,Guther,Conia,1/30/1965,2/13/1999,1/1/9999
425875,Jahangir,Kroft,1/19/1965,6/11/1990,1/1/9999
426153,Shahaf,Luce,1/16/1965,4/6/1999,1/1/9999
426168,Kaijung,Mateescu,1/10/1965,11/18/1987,1/1/9999
426228,Supot,Badache,1/17/1965,8/17/1996,1/1/9999
426235,Danco,Rajala,1/31/1965,3/29/1991,1/1/9999
426644,Zejun,Broomell,1/13/1965,1/19/1995,1/1/9999
426706,Karsten,Kawashima,1/7/1965,3/15/1994,1/1/9999
426795,Huican,Lunn,1/7/1965,7/23/1986,1/1/9999
426818,Gaurav,Fendler,1/21/1965,2/15/1992,1/1/9999
426819,Sandeepan,Kulisch,1/13/1965,5/16/1997,1/1/9999
426824,Gopalakrishnan,Mawatari,1/25/1965,12/7/1997,1/1/9999
426958,Weijing,Viele,1/19/1965,10/3/1985,1/1/9999
427313,Utpal,Kemmerer,1/31/1965,12/4/1986,1/1/9999
427320,Mamdouh,Ramamoorthy,1/13/1965,1/13/2000,1/1/9999
427332,Feiyu,Hemaspaandra,1/20/1965,6/4/1995,1/1/9999
427571,Torsten,Ranta,1/20/1965,7/3/1995,1/1/9999
427776,Jaques,Navazio,1/25/1965,4/4/1989,1/1/9999
427805,Haldun,Compeau,1/21/1965,10/15/1997,1/1/9999
427823,Jaques,Gecsei,1/18/1965,7/13/1999,1/1/9999
427852,Adil,Kieras,1/2/1965,7/20/1992,1/1/9999
428082,Ronghao,Alpin,1/9/1965,9/11/1991,1/1/9999
428160,Jamaludin,Kalorkoti,1/12/1965,9/6/1998,1/1/9999
428195,Hatsukazu,Rosca,1/11/1965,8/2/1993,1/1/9999
428219,Ghassan,Androutsos,1/21/1965,12/26/1987,1/1/9999
428917,Theron,Billawala,1/23/1965,2/17/1989,1/1/9999
429087,Hugh,Senzako,1/27/1965,10/15/1992,1/1/9999
429231,Kazuyasu,Schmiedel,1/9/1965,9/7/1985,1/1/9999
429238,Mona,Luck,1/29/1965,5/11/1989,1/1/9999
429249,Alassane,Wolniewicz,1/28/1965,11/9/1993,1/1/9999
429316,Seshu,Hiraishi,1/8/1965,8/10/1994,1/1/9999
429381,Limsoon,Roohalamini,1/6/1965,11/26/1986,1/1/9999
429481,Subhada,Emmerich,1/9/1965,3/6/1996,1/1/9999
429520,Yongqiao,Francisci,1/6/1965,12/1/1999,1/1/9999
429532,Bartek,Vendrig,1/25/1965,6/6/1992,1/1/9999
429569,Fumiya,Chappelet,1/3/1965,9/3/1992,1/1/9999
429703,Ung,Honglei,1/6/1965,9/2/1986,1/1/9999
429899,Ranan,Marsiglia,1/30/1965,8/13/1999,1/1/9999
429954,Renny,Gladwell,1/26/1965,2/27/1999,1/1/9999
430054,Erzsebet,Setiz,1/22/1965,6/10/1993,1/1/9999
430558,Xiong,Roisin,1/7/1965,3/1/1988,1/1/9999
430593,Janalee,Lanzelotte,1/19/1965,12/1/1997,1/1/9999
430631,Kersti,Marsiglia,1/17/1965,2/19/1994,1/1/9999
430891,Khalil,Gien,1/6/1965,8/6/1991,1/1/9999
431576,Masamitsu,Back,1/6/1965,4/12/1993,1/1/9999
431657,Visit,Thiran,1/31/1965,11/14/1986,1/1/9999
431882,Hideo,Varman,1/21/1965,6/19/1997,1/1/9999
431887,Poorav,Ranst,1/5/1965,6/1/1996,1/1/9999
432031,Adamantios,Matzat,1/11/1965,3/1/1987,1/1/9999
432034,Arfst,Uehara,1/24/1965,7/10/1994,1/1/9999
432121,Alair,Straney,1/6/1965,11/15/1986,1/1/9999
432257,Kwangjo,Hiltgen,1/20/1965,12/22/1998,1/1/9999
432261,Arve,Bergere,1/30/1965,7/28/1987,1/1/9999
432399,Nitsan,Nollmann,1/19/1965,9/29/1993,1/1/9999
432523,Takahiro,Maquelin,1/21/1965,7/21/1997,1/1/9999
432665,Flemming,Driscoll,1/2/1965,5/28/1994,1/1/9999
432787,Toshiko,Ibel,1/16/1965,11/23/1996,1/1/9999
432956,Qunsheng,Birrer,1/25/1965,5/13/1986,1/1/9999
433059,Bojan,Montresor,1/2/1965,2/4/1995,1/1/9999
433157,Tomofumi,Serna,1/16/1965,10/23/1999,1/1/9999
433260,Make,Olivero,2/1/1965,6/1/1991,1/1/9999
433438,Keiichiro,Miyakawa,1/6/1965,9/12/1993,1/1/9999
434845,Takushi,Skogmar,1/11/1965,6/7/1985,1/1/9999
434936,Sahrah,Rosis,1/15/1965,6/24/1994,1/1/9999
435042,Brigham,Borstler,1/10/1965,10/9/1995,1/1/9999
435060,Moie,Lieblein,1/16/1965,7/12/1996,1/1/9999
435181,Kazuhide,Fiutem,1/16/1965,5/10/1992,1/1/9999
435289,Feixiong,Schurmann,1/4/1965,2/15/1987,1/1/9999
435305,Berthier,Pramanik,1/21/1965,1/23/1993,1/1/9999
435370,Conal,Basart,1/16/1965,5/17/1991,1/1/9999
435588,Genta,Pepe,1/29/1965,4/12/1994,1/1/9999
435602,Dietrich,Kranzdorf,1/29/1965,10/4/1992,1/1/9999
435774,Olivera,Bharadwaj,1/9/1965,4/1/1992,1/1/9999
435791,Hercules,Speer,1/7/1965,3/7/1994,1/1/9999
436558,Subir,Greibach,1/8/1965,5/24/1992,1/1/9999
436797,Ohad,Henders,1/24/1965,11/3/1990,1/1/9999
436827,Wojceich,Limongiello,1/30/1965,3/10/1988,1/1/9999
436915,Feixiong,Haraldson,1/13/1965,10/11/1998,1/1/9999
437276,Dines,DeMori,1/17/1965,12/7/1987,1/1/9999
437369,Kazuhide,Biran,2/1/1965,1/25/1995,1/1/9999
437395,Sumant,Thambidurai,1/21/1965,8/24/1996,1/1/9999
437724,Erez,Luft,1/17/1965,12/14/1994,1/1/9999
437870,Kerhong,Lorho,1/7/1965,3/17/2001,1/1/9999
438038,Lena,Giaccio,1/1/1965,10/3/2001,1/1/9999
438264,Rasikan,Barreiro,1/19/1965,9/27/1991,1/1/9999
438557,Lidong,Swist,1/30/1965,9/16/1999,1/1/9999
439377,Mari,Plessier,1/28/1965,7/4/1997,1/1/9999
439905,Kousuke,Levasseur,1/3/1965,3/16/1990,1/1/9999
439924,Gunilla,Kisuki,1/30/1965,8/14/1994,1/1/9999
440325,Douadi,Sullins,1/10/1965,9/25/1999,1/1/9999
440435,Sandeepan,Rosti,1/3/1965,11/26/1991,1/1/9999
440450,Tzvetan,Scharstein,1/16/1965,6/16/1994,1/1/9999
440642,Snehasis,Kalsbeek,1/14/1965,1/6/1988,1/1/9999
440870,Filipp,Hasham,1/1/1965,10/14/1996,1/1/9999
440937,Fabrizio,Usery,1/18/1965,10/13/1992,1/1/9999
441197,Miquel,Legleitner,1/18/1965,6/28/1985,1/1/9999
441536,Chinho,Collette,1/10/1965,10/9/1995,1/1/9999
441954,Leszek,Marchegay,1/3/1965,6/13/1999,1/1/9999
441965,Claudi,Heijenga,1/12/1965,8/30/1988,1/1/9999
442002,Ravishankar,Baig,1/3/1965,3/17/1992,1/1/9999
442096,Martijn,DiGiano,1/15/1965,6/15/1990,1/1/9999
442312,Zengping,Cusworth,1/5/1965,6/7/1991,1/1/9999
442490,Navid,Luke,1/8/1965,10/17/1994,1/1/9999
442653,Mona,Hebden,1/4/1965,10/20/1995,1/1/9999
442700,Siddarth,Masada,1/6/1965,8/11/1997,1/1/9999
442898,Aksel,Gire,1/7/1965,6/27/1999,1/1/9999
443108,Christfried,Atrawala,1/14/1965,11/29/1998,1/1/9999
443485,Marke,Klerer,1/23/1965,4/14/1990,1/1/9999
443841,Shaw,Kading,1/8/1965,7/16/1992,1/1/9999
443873,Vatsa,Ramsay,1/20/1965,6/16/2000,1/1/9999
444070,Heping,Skrikant,1/15/1965,11/27/1990,1/1/9999
444099,Kousuke,Worfolk,1/28/1965,3/22/1988,1/1/9999
444208,Irena,Cesareni,1/27/1965,10/30/1985,1/1/9999
444465,Prasadram,Bultermann,1/13/1965,10/25/1998,1/1/9999
444487,Udi,Rullman,1/3/1965,4/9/1994,1/1/9999
444643,Berna,Schonegge,1/18/1965,6/28/1998,1/1/9999
445067,Eldridge,Kawashima,1/28/1965,2/27/1990,1/1/9999
445152,Heping,Peac,1/9/1965,3/20/1985,1/1/9999
445226,Oscar,Baumann,1/1/1965,1/22/1987,1/1/9999
445570,Van,Nations,1/25/1965,8/11/1986,1/1/9999
445723,Gaurav,Roison,1/31/1965,7/12/1991,1/1/9999
445941,Masako,Dechter,1/11/1965,9/25/1985,1/1/9999
445950,Ebru,Valtorta,1/23/1965,12/9/1992,1/1/9999
446121,Fay,Cochrane,1/11/1965,12/13/1999,1/1/9999
446306,Hercules,Kabayashi,1/22/1965,6/10/1991,1/1/9999
446424,DAIDA,Nooteboom,1/16/1965,11/24/1985,1/1/9999
446897,Takahiro,Dalton,1/22/1965,9/30/1992,1/1/9999
446959,Aram,Passino,1/29/1965,1/28/1995,1/1/9999
447018,Dannz,Miara,1/17/1965,12/4/1992,1/1/9999
447135,Gennady,Rouquie,1/31/1965,8/24/1989,1/1/9999
447232,Aleksander,Schaaf,1/22/1965,1/10/2000,1/1/9999
447376,Kirk,Zongker,1/7/1965,12/10/1999,1/1/9999
447544,Stabislas,Kakkad,1/22/1965,2/19/1989,1/1/9999
447613,Paris,Restivo,1/15/1965,11/21/1986,1/1/9999
447877,Make,Heuser,1/13/1965,7/2/1988,1/1/9999
447931,Martijn,Jeong,1/11/1965,12/14/1990,1/1/9999
447966,Kamakshi,Hebert,1/5/1965,1/17/1997,1/1/9999
447982,Shiv,Baezner,1/25/1965,12/17/1990,1/1/9999
447999,Shiv,Vilarrasa,1/5/1965,8/1/1990,1/1/9999
448769,Mong,Dichev,1/18/1965,10/11/1997,1/1/9999
448900,Mart,Talmor,1/16/1965,5/11/1999,1/1/9999
448918,Chiradeep,Arlazarov,1/23/1965,10/6/1989,1/1/9999
448994,Haldun,Syang,1/12/1965,2/11/1997,1/1/9999
449189,Jahangir,Bernatsky,1/30/1965,9/30/1995,1/1/9999
449815,Fumitaka,Quittner,1/27/1965,4/20/1988,1/1/9999
449984,Hinrich,Perin,2/1/1965,11/20/1985,1/1/9999
450184,Selwyn,Henseler,1/11/1965,3/9/1993,1/1/9999
450255,Udo,Waymire,1/31/1965,6/14/1986,1/1/9999
450309,Gill,Orlowska,1/8/1965,12/25/1986,1/1/9999
450475,Saeed,Bahl,1/21/1965,1/29/1991,1/1/9999
450817,DAIDA,Frolund,1/10/1965,7/17/1987,1/1/9999
450888,Sedat,Rande,1/3/1965,3/25/1995,1/1/9999
450934,Chanjung,Raoux,1/23/1965,5/25/1992,1/1/9999
450936,Yuriy,Ponthieu,1/18/1965,12/11/1991,1/1/9999
451253,Jaihie,Ozeri,1/15/1965,6/21/1991,1/1/9999
451272,Jacopo,Krohm,1/2/1965,4/24/1991,1/1/9999
451275,Bedrich,Isard,1/25/1965,6/7/1986,1/1/9999
451333,Radhika,Bonifati,1/15/1965,3/11/1995,1/1/9999
452137,Subir,Miake,1/15/1965,1/9/1999,1/1/9999
452206,Arra,Esposito,1/22/1965,11/3/1994,1/1/9999
452325,Taiji,Berstel,1/14/1965,12/2/1996,1/1/9999
452347,Shigeichiro,Brattka,1/7/1965,7/13/1996,1/1/9999
452365,Fei,Gadepally,1/5/1965,11/13/1988,1/1/9999
452956,Gou,Thombley,1/17/1965,11/7/1990,1/1/9999
452957,Alair,Nanard,1/3/1965,2/10/1996,1/1/9999
452982,Lobel,Aloia,1/29/1965,12/29/1994,1/1/9999
453070,Aran,Rosenbaum,1/6/1965,4/25/1991,1/1/9999
453154,Gao,Lally,1/3/1965,3/1/1996,1/1/9999
453644,Berni,Takkinen,1/7/1965,6/8/1992,1/1/9999
453688,Chinya,Leslie,1/24/1965,10/28/1995,1/1/9999
453723,Arne,Kohling,1/15/1965,12/13/1985,1/1/9999
453760,Ewing,Rajala,1/13/1965,6/21/1996,1/1/9999
453790,Fai,Keirsey,1/11/1965,10/12/1994,1/1/9999
453913,Stein,Perng,1/23/1965,4/29/1993,1/1/9999
454338,Mohammed,Georg,1/24/1965,8/3/1998,1/1/9999
454378,Gina,Ossenbruggen,1/6/1965,1/3/1998,1/1/9999
454736,Nechama,Ermel,1/24/1965,6/5/1995,1/1/9999
454791,Xiaoqiu,Pietracaprina,1/22/1965,7/9/1994,1/1/9999
454825,Kamakshi,Schusler,1/2/1965,5/25/1995,1/1/9999
454994,Mohan,Picht,1/1/1965,2/24/1991,1/1/9999
455175,Soenke,Zaumen,1/14/1965,2/22/1992,1/1/9999
455284,Luisa,Baig,1/9/1965,7/12/1996,1/1/9999
455726,Qiwen,Kriebel,1/8/1965,12/13/1987,1/1/9999
455814,Giao,DuCasse,1/28/1965,7/19/1991,1/1/9999
455914,Peer,Angelopoulos,1/1/1965,7/23/1989,1/1/9999
456767,Tetsurou,Schreiter,1/24/1965,7/17/1987,1/1/9999
456982,Shounak,Dratva,1/7/1965,1/5/1989,1/1/9999
457070,Gay,Plavsic,1/25/1965,8/6/1987,1/1/9999
457146,Jinpo,Heyers,1/20/1965,1/7/1999,1/1/9999
457305,Sorina,Lakshmanan,1/15/1965,9/3/1994,1/1/9999
457337,Xumin,Beidas,1/31/1965,4/27/1995,1/1/9999
457411,Xudong,Peck,1/13/1965,4/18/1988,1/1/9999
457489,Berna,Ranst,1/24/1965,5/14/1985,1/1/9999
457611,Indrajit,Krogh,1/9/1965,9/18/1998,1/1/9999
457776,Florian,Siepmann,1/15/1965,12/21/1987,1/1/9999
457813,Foong,Gargeya,1/28/1965,1/24/1992,1/1/9999
457832,Jackson,Zielinski,2/1/1965,9/12/1997,1/1/9999
457938,Arch,Picco,1/14/1965,10/22/1997,1/1/9999
458111,Florian,Tramer,1/23/1965,11/7/1999,1/1/9999
458134,Thanasis,Standera,1/11/1965,3/20/1985,1/1/9999
458191,George,Atchley,1/28/1965,7/2/1997,1/1/9999
458383,Mabhin,Foote,1/6/1965,4/23/1999,1/1/9999
458726,Shahaf,Kitai,1/13/1965,12/26/1986,1/1/9999
458790,Ramya,Azadmanesh,1/17/1965,11/19/1988,1/1/9999
459172,Val,Rissanen,1/19/1965,11/20/1993,1/1/9999
459356,Pramod,Wendorf,1/21/1965,12/25/1998,1/1/9999
459429,Mohit,Verhaegen,1/14/1965,5/27/1992,1/1/9999
459685,Hirochika,Goldhammer,2/1/1965,3/12/1998,1/1/9999
460131,Adly,Hambrick,1/16/1965,7/25/1997,1/1/9999
460691,Munehiko,Gihr,1/16/1965,12/6/1989,1/1/9999
460707,Yoshinari,Lanteri,1/7/1965,12/25/1996,1/1/9999
460920,Remzi,Mitzlaff,1/22/1965,4/6/1986,1/1/9999
461120,Shietung,Gelosh,1/18/1965,4/1/2001,1/1/9999
461270,Mrinalini,Mawatari,1/10/1965,1/3/1996,1/1/9999
461801,Sumali,Cooman,1/3/1965,4/18/1993,1/1/9999
462493,Paloma,Gerlach,1/12/1965,7/26/1988,1/1/9999
462795,Somnath,Cummings,1/5/1965,7/10/1994,1/1/9999
463023,Itzchak,Penn,1/6/1965,1/21/1999,1/1/9999
463099,Jinxi,Schmiedel,1/15/1965,9/21/1990,1/1/9999
463212,Ramya,Rossi,1/9/1965,9/2/2001,1/1/9999
463472,Jaber,Sethi,1/11/1965,6/11/2000,1/1/9999
463495,Alenka,Barriga,1/28/1965,5/6/1988,1/1/9999
464284,Huiqun,Henders,1/20/1965,5/19/1993,1/1/9999
464303,Abdelghani,Nyrup,1/22/1965,8/2/1986,1/1/9999
465062,Stafford,Gist,1/29/1965,5/7/1988,1/1/9999
465076,Tokuyasu,Ghelli,1/19/1965,5/5/1985,1/1/9999
465085,Vidar,Gunderson,1/18/1965,3/18/1996,1/1/9999
465409,Shahid,Varman,1/30/1965,8/27/1985,1/1/9999
465501,Mrinalini,Gire,1/5/1965,11/9/1992,1/1/9999
465711,Lakshmi,Frijda,1/6/1965,4/21/1990,1/1/9999
465853,Kwan,Kampfer,1/1/1965,10/16/1998,1/1/9999
465874,Herb,Picht,1/12/1965,5/31/1985,1/1/9999
466064,Temple,Danlos,1/31/1965,6/13/1994,1/1/9999
466367,Hiroyasu,Strandh,1/5/1965,6/5/1989,1/1/9999
466509,Bezalel,Verhoeff,1/26/1965,3/22/1988,1/1/9999
466603,Yechezkel,Nourani,1/23/1965,8/1/1991,1/1/9999
466745,Boalin,Birsak,1/26/1965,10/16/1995,1/1/9999
467176,Przemyslawa,Borovoy,1/5/1965,6/18/1993,1/1/9999
467269,Nahum,Lambe,1/18/1965,8/31/1989,1/1/9999
467392,Mariusz,Rikino,1/7/1965,4/13/1995,1/1/9999
467441,Margareta,Bondorf,1/13/1965,11/7/1988,1/1/9999
467591,Kiyotoshi,Hennebert,1/17/1965,3/6/2001,1/1/9999
467886,Sivanarayana,Chandrasekhar,1/2/1965,1/24/1996,1/1/9999
467918,Tsuneo,Skrikant,1/3/1965,10/21/1997,1/1/9999
468360,Huei,Saoudi,1/12/1965,8/10/1994,1/1/9999
468417,Kamakshi,Huhdanpaa,1/25/1965,8/26/1993,1/1/9999
468659,Ranga,Lemarechal,1/18/1965,11/5/1989,1/1/9999
468773,Baziley,Brookner,1/27/1965,9/22/1993,1/1/9999
469104,Nadjib,Comellas,1/21/1965,1/22/1999,1/1/9999
469253,Baruch,Basawa,1/17/1965,9/17/1993,1/1/9999
469269,Weiyi,Codenie,1/23/1965,5/27/1989,1/1/9999
469366,Aiman,Wilfing,1/12/1965,12/30/1990,1/1/9999
469399,Hongzhu,Ruemmler,1/25/1965,6/6/2000,1/1/9999
469527,Halsur,Ibel,1/24/1965,3/5/1998,1/1/9999
469529,Neven,Rikino,1/7/1965,10/21/1988,1/1/9999
469735,Arif,Stranks,1/30/1965,11/16/1992,1/1/9999
469867,Hein,Jonsson,1/23/1965,2/12/1985,1/1/9999
470456,Reuven,Oehlmann,1/13/1965,3/29/1986,1/1/9999
470472,Zhiguo,Staudhammer,2/1/1965,12/3/1985,1/1/9999
471397,Nigel,Zirintsis,2/1/1965,7/23/1999,1/1/9999
471532,Feiyu,Decleir,1/17/1965,9/13/1998,1/1/9999
471552,Basem,Lortz,1/22/1965,10/25/1997,1/1/9999
471911,Arun,Zaccaria,1/14/1965,5/31/1990,1/1/9999
471939,Kazuhiko,Marshall,1/27/1965,6/4/2001,1/1/9999
472052,Godehard,Chinal,1/26/1965,12/9/1995,1/1/9999
472143,Yahiko,Sommen,1/25/1965,8/14/1996,1/1/9999
472238,Jungsoon,Gubsky,1/31/1965,10/9/1990,1/1/9999
472790,Zhenbing,Ibel,1/23/1965,10/29/1985,1/1/9999
472950,Weidon,Fordan,1/29/1965,3/27/1986,1/1/9999
473268,Hugo,Sgarro,1/1/1965,4/24/1992,1/1/9999
473299,Khaled,Penn,1/12/1965,5/19/1992,1/1/9999
473490,Pantung,Reeker,1/6/1965,5/11/1992,1/1/9999
473940,Avishai,Majewski,1/16/1965,1/10/1998,1/1/9999
474331,Sugwoo,Eugenio,1/29/1965,3/2/1994,1/1/9999
474763,Mayuko,Clouatre,1/7/1965,9/4/1997,1/1/9999
474796,Zongyan,Shackel,1/10/1965,8/17/1987,1/1/9999
475087,Genevieve,Snedden,1/31/1965,10/21/1988,1/1/9999
475258,Fumiyo,Feinberg,1/10/1965,2/12/2000,1/1/9999
475538,Christophe,Leaver,1/15/1965,10/31/1998,1/1/9999
475938,Shigeaki,Lanteri,1/14/1965,2/17/1989,1/1/9999
475965,Rimon,Pietracaprina,1/2/1965,7/10/1985,1/1/9999
476055,Girolamo,Schlumberger,1/3/1965,3/7/1993,1/1/9999
476122,Khun,Spieker,1/4/1965,5/7/1995,1/1/9999
476327,Reinhold,Binkley,1/31/1965,5/29/1995,1/1/9999
476361,Doohun,Preusig,1/9/1965,4/28/1993,1/1/9999
477350,Terresa,Vigier,1/1/1965,7/8/1998,1/1/9999
477578,Marit,Paludetto,1/23/1965,9/30/1990,1/1/9999
477969,Bluma,Mundy,1/18/1965,10/18/1991,1/1/9999
478007,Fumino,Narahara,1/6/1965,9/21/1991,1/1/9999
478170,Doowon,Schoegge,1/22/1965,4/13/1995,1/1/9999
478218,Djenana,Erol,1/2/1965,12/3/1999,1/1/9999
478439,Yuichiro,Bale,1/15/1965,11/4/1997,1/1/9999
478768,Arun,Katzenelson,1/3/1965,10/28/1991,1/1/9999
478799,Shaw,Borovoy,1/18/1965,5/11/1991,1/1/9999
478833,Pradeep,Valiente,1/30/1965,9/19/1992,1/1/9999
478858,Hidekazu,Perna,1/20/1965,11/8/1999,1/1/9999
479024,Ewing,Kalorkoti,1/3/1965,12/21/1996,1/1/9999
479407,Randi,Tomescu,1/18/1965,11/25/1986,1/1/9999
479601,Kayoko,Bahi,1/19/1965,2/19/1997,1/1/9999
479695,Masamitsu,Murrill,1/6/1965,6/23/1999,1/1/9999
480035,Sukumar,Georg,1/26/1965,8/26/1990,1/1/9999
480066,Suebskul,Menhardt,1/31/1965,7/26/1994,1/1/9999
480178,Uinam,Rahier,1/3/1965,2/10/1991,1/1/9999
480268,Gaurav,Cheshire,1/18/1965,3/30/1989,1/1/9999
480407,Deniz,Bennis,1/1/1965,6/24/1989,1/1/9999
481050,Weiru,Burnard,1/16/1965,10/15/1990,1/1/9999
481213,Shigehiro,Haldar,1/8/1965,12/14/1991,1/1/9999
481397,Luisa,Chelton,1/31/1965,8/13/1998,1/1/9999
481764,Teiji,Marrakchi,1/27/1965,8/26/1986,1/1/9999
481790,Haldun,Erie,1/22/1965,1/1/1999,1/1/9999
482335,Kwangyoen,Peck,1/26/1965,1/16/1994,1/1/9999
482354,Jayson,Zockler,1/23/1965,11/6/1999,1/1/9999
482755,Jouni,Conia,1/3/1965,10/31/1994,1/1/9999
482885,Shaunak,Brizzi,1/29/1965,9/2/1988,1/1/9999
482905,Aral,Hebden,1/16/1965,9/10/1991,1/1/9999
482944,Duke,Journel,1/26/1965,10/26/1991,1/1/9999
483401,Rosita,Pokrovskii,1/10/1965,8/3/1996,1/1/9999
483675,Hausi,Kamber,1/22/1965,2/16/1988,1/1/9999
483825,Marek,Mitchem,1/22/1965,11/20/1992,1/1/9999
483838,Sham,Kavanagh,1/3/1965,12/18/1997,1/1/9999
483978,Dung,Tanemo,1/24/1965,1/28/1990,1/1/9999
484126,Manton,Lueh,1/5/1965,4/7/1989,1/1/9999
484142,Perry,Cooman,1/5/1965,4/23/1987,1/1/9999
484498,Herbert,Hammerschmidt,1/26/1965,8/22/1996,1/1/9999
484756,Phule,Ruemmler,1/16/1965,8/9/1990,1/1/9999
485253,Gladys,Parhami,1/14/1965,7/20/1996,1/1/9999
485489,Keiichiro,Armand,1/1/1965,12/14/1986,1/1/9999
485577,Rafael,Menhoudj,1/30/1965,4/27/1997,1/1/9999
485579,Munehiro,Iwayama,1/18/1965,12/16/1986,1/1/9999
485799,Yoshimitsu,Litvinov,1/27/1965,11/22/1997,1/1/9999
485817,Mahmut,Bolotov,1/29/1965,2/21/1997,1/1/9999
486068,Yefim,Bernardeschi,1/11/1965,6/26/1996,1/1/9999
486808,Geoffrey,Siochi,1/5/1965,12/27/1998,1/1/9999
486918,Yagil,Remmers,1/18/1965,11/1/1994,1/1/9999
486956,Matt,Ruemmler,1/1/1965,10/14/1993,1/1/9999
486958,Tonny,Kropf,1/6/1965,7/30/1986,1/1/9999
487008,Zhigen,Raney,1/22/1965,5/26/1993,1/1/9999
487505,Uno,Jayawardene,1/20/1965,11/2/1987,1/1/9999
487988,Ekawit,Schaft,1/5/1965,5/20/1990,1/1/9999
488095,Francoise,Hegner,1/24/1965,12/23/1997,1/1/9999
488142,Denis,Narlikar,1/5/1965,7/1/1991,1/1/9999
488482,Kensyu,Tsunoo,1/30/1965,12/5/1999,1/1/9999
488540,Breannda,Maquelin,1/22/1965,4/12/1996,1/1/9999
488619,Georgy,Bennis,1/25/1965,4/11/1998,1/1/9999
488693,Jiong,Zultner,1/27/1965,3/10/1993,1/1/9999
488707,Mihalis,Remmers,1/16/1965,3/1/1990,1/1/9999
488752,Nimmagadda,Baja,1/23/1965,2/9/1994,1/1/9999
488788,Wuxu,Garigliano,1/12/1965,9/21/1990,1/1/9999
488984,Kendra,Junet,1/18/1965,11/12/1992,1/1/9999
489755,Matk,Chorvat,1/14/1965,12/4/1999,1/1/9999
489756,Kersti,Miculan,1/1/1965,6/9/1992,1/1/9999
489928,Satoru,Janetzko,1/28/1965,7/26/1997,1/1/9999
490551,Lalit,Lindqvist,1/1/1965,11/7/1998,1/1/9999
490557,Luise,Vigier,1/27/1965,7/1/1994,1/1/9999
490568,Zita,Reistad,1/1/1965,7/23/1998,1/1/9999
490720,Younwoo,Samarati,1/19/1965,5/18/2002,1/1/9999
491079,Kwangsub,Keirsey,1/6/1965,2/4/1992,1/1/9999
491162,Panayotis,Hempstead,1/14/1965,8/29/1994,1/1/9999
491478,Gill,Varman,1/16/1965,6/18/1988,1/1/9999
491596,Charmane,Pargas,1/21/1965,8/3/1992,1/1/9999
491632,Gadiel,Perly,1/1/1965,10/20/1986,1/1/9999
492000,Valeska,Cools,1/10/1965,12/16/1993,1/1/9999
492052,Udo,Ratnakar,1/11/1965,11/30/1999,1/1/9999
492217,Heekeun,Verhaegen,1/16/1965,9/28/1991,1/1/9999
492639,Sanjoy,Porenta,1/30/1965,7/10/1997,1/1/9999
492677,Goetz,McAffer,1/26/1965,2/5/1988,1/1/9999
493031,Hironoby,Jakobus,1/23/1965,7/30/1991,1/1/9999
493048,Muzhong,Berztiss,1/31/1965,1/23/1995,1/1/9999
493096,Sachem,Msuda,1/31/1965,4/7/1995,1/1/9999
493744,Leni,Kropatsch,1/14/1965,7/17/1997,1/1/9999
494019,Morrie,Iisaku,1/16/1965,5/6/1991,1/1/9999
494088,Phule,Dahlbom,1/10/1965,2/6/1989,1/1/9999
494493,Masasuke,Koprowski,1/10/1965,11/20/1996,1/1/9999
494995,Yongmao,Pouyioutas,1/4/1965,8/24/1989,1/1/9999
496100,Pranjal,Reinhard,1/7/1965,5/8/1995,1/1/9999
496970,Giordano,Maquelin,1/3/1965,12/31/1999,1/1/9999
496978,Danco,Debuse,1/30/1965,9/10/1993,1/1/9999
497007,Oldrich,Adachi,1/23/1965,8/9/1998,1/1/9999
497174,Sanjiv,Bressoud,1/2/1965,4/27/1993,1/1/9999
497340,Fayez,Keohane,1/6/1965,9/19/1990,1/1/9999
497391,Paris,Lieblein,1/30/1965,5/19/1999,1/1/9999
497835,Shuho,Laurillard,1/29/1965,10/6/1999,1/1/9999
498185,Caolyn,Marciano,1/19/1965,6/6/1999,1/1/9999
498337,Naraig,Docker,1/30/1965,5/17/1997,1/1/9999
498456,Geraldo,Gerteisen,1/17/1965,6/5/1987,1/1/9999
498635,Florian,Pezzoli,1/9/1965,7/22/1988,1/1/9999
498838,Sanjay,Ciolek,1/16/1965,12/13/1989,1/1/9999
498845,Arumugam,Pelc,1/9/1965,11/13/1999,1/1/9999
498955,Nechama,Kandlur,1/13/1965,1/16/1995,1/1/9999
499194,Padma,Delgrange,1/29/1965,8/27/1999,1/1/9999
499260,Danae,Honglei,1/11/1965,9/14/1998,1/1/9999
499495,Baoqiu,Kakkar,1/14/1965,8/30/1999,1/1/9999
